item_no,category,main_promotion,color,stars
405901,Sweatshirt,Catalog,Blue,3.1
644275,Polo-Shirt,Frontpage_Header,Yellow,2.6
533070,Tunic,Catalog,Green,2.7
829436,Polo-Shirt,Catalog,Yellow,2.6
801722,Tunic,Catalog,Yellow,4.9
866263,T-Shirt,Category_Highlight,Black,2.6
502221,Sweatshirt,Catalog,Red,1.6
545865,Tunic,Category_Highlight,Green,3.5
440112,Sweatshirt,Display_Ad_Campaign,Blue,3.7
930925,Tunic,Catalog,Green,2.0
687109,T-Shirt,Frontpage_Header,Multi-Color,4.4
149509,Sweatshirt,Category_Highlight,Red,1.3
729560,Tunic,Frontpage_Header,Multi-Color,2.2
102917,Tunic,Catalog,Black,3.3
912916,Tunic,Category_Highlight,Blue,4.6
193580,Sweatshirt,Catalog,Multi-Color,2.6
883117,Blouse,Display_Ad_Campaign,Black,4.1
474601,Polo-Shirt,Catalog,Pink,3.2
573513,Hoodie,Category_Highlight,Brown,4.5
119095,Tunic,Catalog,Yellow,2.7
814763,Blouse,Category_Highlight,Blue,5.3
425794,Polo-Shirt,Category_Highlight,Yellow,3.7
814748,Sweatshirt,Catalog,Red,2.4
385031,Hoodie,Frontpage_Header,Green,3.2
570778,Blouse,Category_Highlight,Pink,4.4
459694,Hoodie,Catalog,Orange,3.0
408438,Tunic,Frontpage_Header,Multi-Color,2.9
169876,Sweatshirt,Category_Highlight,Multi-Color,2.1
317922,Hoodie,Frontpage_Header,Blue,2.8
969897,T-Shirt,Catalog,Red,4.7
245976,Tunic,Category_Highlight,Brown,3.3
664681,Tunic,Catalog,Brown,4.5
727115,Blouse,Display_Ad_Campaign,Red,4.5
467098,T-Shirt,Category_Highlight,Yellow,4.0
290251,Hoodie,Frontpage_Header,Green,3.2
497026,Sweatshirt,Frontpage_Header,Yellow,3.6
367239,Tunic,Frontpage_Header,Blue,4.1
784472,T-Shirt,Frontpage_Header,Multi-Color,4.2
785030,Polo-Shirt,Catalog,Multi-Color,2.4
856803,T-Shirt,Frontpage_Header,Multi-Color,4.8
943414,Tunic,Category_Highlight,Red,2.8
962853,Polo-Shirt,Category_Highlight,Brown,2.5
279600,Sweatshirt,Frontpage_Header,Pink,3.5
701652,Sweatshirt,Catalog,Red,1.9
762305,T-Shirt,Frontpage_Header,Multi-Color,3.5
318829,Blouse,Catalog,Yellow,3.7
630666,Hoodie,Category_Highlight,White,4.2
930408,Hoodie,Display_Ad_Campaign,Yellow,4.8
886054,Blouse,Catalog,Yellow,4.1
276832,Tunic,Display_Ad_Campaign,Multi-Color,3.6
164285,Tunic,Category_Highlight,White,4.2
110037,Sweatshirt,Frontpage_Header,Blue,2.9
966885,Sweatshirt,Catalog,Black,4.8
857942,Sweatshirt,Frontpage_Header,Blue,3.0
222395,Sweatshirt,Category_Highlight,Blue,3.5
295369,Sweatshirt,Frontpage_Header,Blue,3.3
772457,T-Shirt,Category_Highlight,Multi-Color,3.6
791784,Blouse,Display_Ad_Campaign,Blue,4.4
722335,T-Shirt,Display_Ad_Campaign,Black,3.9
970934,Polo-Shirt,Catalog,Pink,3.5
754079,Polo-Shirt,Category_Highlight,Brown,3.3
576061,Blouse,Frontpage_Header,Multi-Color,1.8
759169,T-Shirt,Display_Ad_Campaign,Black,4.0
935148,Blouse,Catalog,Yellow,3.7
540046,T-Shirt,Catalog,Red,4.4
490523,Tunic,Category_Highlight,Brown,4.6
647756,Sweatshirt,Display_Ad_Campaign,Orange,5.0
644978,T-Shirt,Frontpage_Header,Blue,3.5
970215,T-Shirt,Frontpage_Header,Multi-Color,4.2
529497,Polo-Shirt,Frontpage_Header,Brown,2.2
897093,Polo-Shirt,Frontpage_Header,Multi-Color,2.9
841927,Blouse,Category_Highlight,Red,0.7
386222,Tunic,Frontpage_Header,Brown,4.4
434846,Hoodie,Display_Ad_Campaign,Yellow,2.5
918659,Hoodie,Category_Highlight,Blue,2.2
349597,T-Shirt,Frontpage_Header,Yellow,4.2
941814,Polo-Shirt,Frontpage_Header,Yellow,2.0
319451,T-Shirt,Display_Ad_Campaign,Black,4.2
407948,Polo-Shirt,Display_Ad_Campaign,Yellow,5.4
220115,Polo-Shirt,Frontpage_Header,Brown,3.0
109455,Polo-Shirt,Category_Highlight,Green,4.1
647606,Polo-Shirt,Category_Highlight,Orange,2.1
492484,T-Shirt,Frontpage_Header,Multi-Color,4.0
395013,Polo-Shirt,Catalog,Brown,3.6
189617,Polo-Shirt,Category_Highlight,Orange,2.0
398015,Tunic,Frontpage_Header,White,3.5
721079,Polo-Shirt,Catalog,Multi-Color,2.1
131543,Sweatshirt,Category_Highlight,Green,2.8
115744,T-Shirt,Category_Highlight,Multi-Color,3.8
775333,Polo-Shirt,Catalog,Yellow,3.5
739890,Polo-Shirt,Frontpage_Header,Yellow,2.4
587038,Tunic,Frontpage_Header,Yellow,3.1
836052,T-Shirt,Catalog,Red,4.0
123257,Sweatshirt,Display_Ad_Campaign,Blue,2.7
974196,Polo-Shirt,Catalog,Pink,2.3
734388,T-Shirt,Category_Highlight,Pink,4.0
778757,Tunic,Category_Highlight,Yellow,2.5
784118,Blouse,Display_Ad_Campaign,Yellow,3.9
898734,Blouse,Frontpage_Header,Black,4.5
688117,Polo-Shirt,Catalog,Pink,4.1
511823,Tunic,Catalog,Yellow,2.6
983473,Polo-Shirt,Catalog,Pink,3.6
154105,Tunic,Category_Highlight,Multi-Color,2.8
115041,T-Shirt,Category_Highlight,Green,4.7
968393,Polo-Shirt,Display_Ad_Campaign,Multi-Color,4.5
242057,Sweatshirt,Frontpage_Header,Yellow,3.5
162271,T-Shirt,Category_Highlight,Green,5.2
458062,Tunic,Category_Highlight,Multi-Color,3.1
438761,Blouse,Catalog,Black,4.8
668110,Polo-Shirt,Catalog,Red,3.0
172785,Blouse,Frontpage_Header,Yellow,3.0
453639,Tunic,Display_Ad_Campaign,Black,2.6
713499,Tunic,Catalog,Black,4.8
261999,Sweatshirt,Category_Highlight,Blue,2.4
464035,Polo-Shirt,Category_Highlight,Yellow,2.4
327456,T-Shirt,Display_Ad_Campaign,Black,3.8
983694,Polo-Shirt,Display_Ad_Campaign,Blue,2.7
376951,Blouse,Category_Highlight,Yellow,4.1
330640,T-Shirt,Frontpage_Header,Multi-Color,4.1
180829,Hoodie,Frontpage_Header,Blue,2.6
299479,Polo-Shirt,Catalog,Green,3.1
230030,Hoodie,Catalog,Yellow,3.1
482137,Polo-Shirt,Catalog,Multi-Color,3.0
976803,T-Shirt,Display_Ad_Campaign,Blue,5.0
876914,T-Shirt,Category_Highlight,Yellow,3.7
981992,Hoodie,Catalog,Yellow,3.8
265942,Tunic,Display_Ad_Campaign,Black,2.8
851175,Polo-Shirt,Category_Highlight,Red,3.1
279945,Sweatshirt,Category_Highlight,Red,2.3
191627,Sweatshirt,Frontpage_Header,Red,3.8
901431,Polo-Shirt,Category_Highlight,Brown,2.9
398751,Blouse,Frontpage_Header,Blue,3.8
664706,Blouse,Frontpage_Header,Black,5.2
143798,Tunic,Category_Highlight,Red,3.0
815447,T-Shirt,Frontpage_Header,Multi-Color,4.0
539136,Polo-Shirt,Catalog,Blue,1.9
652191,Tunic,Frontpage_Header,Multi-Color,3.9
774593,T-Shirt,Frontpage_Header,Multi-Color,4.5
569599,Sweatshirt,Display_Ad_Campaign,Orange,4.1
437550,Tunic,Display_Ad_Campaign,Multi-Color,4.4
313273,Hoodie,Display_Ad_Campaign,Yellow,4.1
441230,Polo-Shirt,Category_Highlight,Multi-Color,2.6
814153,Tunic,Category_Highlight,Orange,3.2
195429,Hoodie,Catalog,Green,4.0
400415,Polo-Shirt,Frontpage_Header,White,2.7
851810,Polo-Shirt,Frontpage_Header,Yellow,3.0
614622,Sweatshirt,Display_Ad_Campaign,Blue,4.0
660180,Sweatshirt,Category_Highlight,Orange,3.9
814665,Tunic,Category_Highlight,Yellow,2.4
179851,Tunic,Display_Ad_Campaign,Multi-Color,3.8
441106,Blouse,Frontpage_Header,Black,4.7
633865,Polo-Shirt,Frontpage_Header,Brown,2.5
882647,Hoodie,Catalog,Green,3.9
167009,T-Shirt,Display_Ad_Campaign,Blue,4.2
683324,Tunic,Frontpage_Header,Green,3.7
981552,Blouse,Frontpage_Header,Multi-Color,2.6
604324,T-Shirt,Catalog,Black,4.3
597788,Blouse,Display_Ad_Campaign,Brown,4.7
650402,Polo-Shirt,Catalog,Blue,3.3
473554,Tunic,Catalog,Green,4.0
118414,Hoodie,Frontpage_Header,Yellow,3.5
849960,Polo-Shirt,Display_Ad_Campaign,Yellow,4.8
826829,Sweatshirt,Frontpage_Header,Green,2.9
305559,Sweatshirt,Category_Highlight,Yellow,3.6
893558,Sweatshirt,Frontpage_Header,Green,3.1
639962,Polo-Shirt,Category_Highlight,Red,3.7
375994,Blouse,Frontpage_Header,Red,4.7
266819,Hoodie,Category_Highlight,Yellow,2.0
798530,Polo-Shirt,Frontpage_Header,Multi-Color,3.1
408189,Blouse,Catalog,Yellow,4.1
426496,Polo-Shirt,Category_Highlight,Blue,3.5
325399,Polo-Shirt,Catalog,Yellow,3.2
799758,Sweatshirt,Catalog,Red,4.6
195405,Polo-Shirt,Display_Ad_Campaign,Yellow,5.0
901885,Sweatshirt,Catalog,Orange,4.9
536061,Sweatshirt,Frontpage_Header,Blue,3.2
919681,Polo-Shirt,Catalog,Green,3.9
274563,Tunic,Catalog,Yellow,4.8
343995,T-Shirt,Catalog,Orange,4.7
142694,T-Shirt,Catalog,Red,4.0
642383,Tunic,Category_Highlight,Brown,4.4
213282,Sweatshirt,Catalog,Red,2.0
554935,T-Shirt,Display_Ad_Campaign,Brown,4.5
919701,T-Shirt,Display_Ad_Campaign,Black,3.7
508378,T-Shirt,Category_Highlight,Multi-Color,1.7
102691,Blouse,Frontpage_Header,Multi-Color,3.6
375405,T-Shirt,Catalog,Brown,4.8
784987,Tunic,Catalog,Green,3.9
937565,T-Shirt,Catalog,Yellow,4.9
285335,Blouse,Display_Ad_Campaign,Black,3.6
703782,Polo-Shirt,Category_Highlight,Yellow,3.8
774363,Blouse,Frontpage_Header,Red,2.7
515870,Tunic,Category_Highlight,Yellow,1.9
695396,Blouse,Frontpage_Header,Blue,4.3
373432,Sweatshirt,Category_Highlight,Blue,3.7
416048,Tunic,Category_Highlight,Pink,2.5
750736,T-Shirt,Catalog,Yellow,4.3
967693,Polo-Shirt,Display_Ad_Campaign,Yellow,4.6
193310,Tunic,Display_Ad_Campaign,Black,2.2
544350,Sweatshirt,Display_Ad_Campaign,Blue,3.0
974955,Polo-Shirt,Category_Highlight,Pink,2.5
621635,Blouse,Frontpage_Header,Red,4.8
214825,Sweatshirt,Catalog,Red,2.8
853487,T-Shirt,Frontpage_Header,Blue,3.3
386571,T-Shirt,Catalog,Red,3.7
699941,Tunic,Display_Ad_Campaign,Multi-Color,4.4
580090,Polo-Shirt,Category_Highlight,Blue,3.9
923675,Tunic,Display_Ad_Campaign,Yellow,5.4
465875,Blouse,Category_Highlight,Yellow,3.9
123040,Polo-Shirt,Catalog,Yellow,3.1
214570,T-Shirt,Frontpage_Header,Multi-Color,4.8
916090,T-Shirt,Category_Highlight,Blue,2.6
839608,Polo-Shirt,Catalog,Pink,3.8
221853,Blouse,Catalog,Multi-Color,1.7
414945,Blouse,Display_Ad_Campaign,Brown,4.7
467491,Tunic,Category_Highlight,Blue,4.8
678849,Sweatshirt,Frontpage_Header,Pink,3.8
323151,T-Shirt,Category_Highlight,Red,3.5
155323,Sweatshirt,Category_Highlight,Red,1.7
695280,Polo-Shirt,Catalog,Blue,1.5
901454,Polo-Shirt,Display_Ad_Campaign,Yellow,4.6
513128,Blouse,Frontpage_Header,Black,5.0
403056,Sweatshirt,Category_Highlight,Red,1.5
595615,T-Shirt,Frontpage_Header,Multi-Color,5.5
166042,Blouse,Frontpage_Header,White,3.5
177742,Blouse,Frontpage_Header,Blue,3.8
232771,T-Shirt,Catalog,Red,4.7
590649,Hoodie,Category_Highlight,Brown,3.5
138171,Tunic,Category_Highlight,Green,3.6
564788,Tunic,Frontpage_Header,Blue,3.6
178377,Hoodie,Catalog,Orange,2.5
482611,Hoodie,Catalog,Orange,3.1
949567,Blouse,Display_Ad_Campaign,Brown,5.6
871989,Tunic,Category_Highlight,Green,3.0
846015,Sweatshirt,Catalog,Blue,4.9
555573,Sweatshirt,Display_Ad_Campaign,Orange,4.9
547597,Sweatshirt,Catalog,Multi-Color,3.3
192266,Polo-Shirt,Frontpage_Header,Brown,3.4
432182,Tunic,Category_Highlight,Multi-Color,3.7
609178,Sweatshirt,Display_Ad_Campaign,Blue,3.0
779428,Blouse,Display_Ad_Campaign,Black,4.6
714817,Blouse,Catalog,Yellow,4.3
339080,Polo-Shirt,Frontpage_Header,Yellow,3.0
745622,Tunic,Category_Highlight,Green,3.4
874240,Tunic,Category_Highlight,White,4.3
523028,Polo-Shirt,Category_Highlight,Blue,4.4
956343,Blouse,Category_Highlight,Yellow,4.2
226086,Tunic,Frontpage_Header,Multi-Color,2.9
213363,T-Shirt,Category_Highlight,Yellow,4.1
534174,Tunic,Catalog,Blue,2.1
842296,Tunic,Display_Ad_Campaign,Black,2.6
140697,Polo-Shirt,Catalog,White,2.2
319805,Hoodie,Catalog,Black,5.1
114353,T-Shirt,Display_Ad_Campaign,Blue,4.8
564634,T-Shirt,Frontpage_Header,Multi-Color,4.7
848734,Blouse,Frontpage_Header,Orange,4.9
557900,Tunic,Category_Highlight,Red,3.4
576356,Sweatshirt,Frontpage_Header,Blue,1.8
912807,Tunic,Display_Ad_Campaign,Black,2.9
702962,Blouse,Catalog,Black,5.0
824892,Sweatshirt,Frontpage_Header,Blue,3.9
970217,Polo-Shirt,Display_Ad_Campaign,Yellow,5.1
262468,Hoodie,Catalog,Blue,5.2
340177,Sweatshirt,Catalog,Orange,3.5
892943,Polo-Shirt,Frontpage_Header,Green,3.0
764873,Sweatshirt,Display_Ad_Campaign,Orange,4.1
553468,T-Shirt,Catalog,Red,2.1
879508,Tunic,Frontpage_Header,Multi-Color,3.1
556487,T-Shirt,Catalog,Multi-Color,1.6
665717,Blouse,Category_Highlight,Multi-Color,2.8
803368,T-Shirt,Frontpage_Header,Yellow,4.5
744932,T-Shirt,Category_Highlight,Brown,4.4
246630,T-Shirt,Category_Highlight,Yellow,4.1
173865,Blouse,Frontpage_Header,Blue,4.1
859807,Blouse,Category_Highlight,Red,0.9
165635,Tunic,Catalog,Blue,4.4
564009,Tunic,Display_Ad_Campaign,Black,1.9
659395,Tunic,Category_Highlight,Blue,4.9
458963,Blouse,Display_Ad_Campaign,Blue,5.1
903151,Blouse,Display_Ad_Campaign,Blue,4.8
511153,Blouse,Frontpage_Header,Multi-Color,2.6
815515,Blouse,Frontpage_Header,Multi-Color,2.2
301906,Sweatshirt,Catalog,Red,2.3
437041,Sweatshirt,Catalog,Yellow,4.0
612276,Polo-Shirt,Catalog,Blue,2.2
120599,Hoodie,Category_Highlight,White,3.9
979244,Blouse,Category_Highlight,Blue,2.7
683284,Polo-Shirt,Category_Highlight,Black,3.7
162925,Polo-Shirt,Display_Ad_Campaign,Multi-Color,2.6
250925,Tunic,Frontpage_Header,Blue,3.4
581716,Blouse,Frontpage_Header,Black,4.4
182762,Sweatshirt,Display_Ad_Campaign,Orange,4.2
106860,Tunic,Category_Highlight,Multi-Color,3.4
504307,Tunic,Catalog,Yellow,4.6
174276,Sweatshirt,Catalog,Yellow,3.8
652798,T-Shirt,Display_Ad_Campaign,Black,4.1
746260,Tunic,Display_Ad_Campaign,Multi-Color,4.2
667972,Tunic,Frontpage_Header,Blue,3.7
402925,T-Shirt,Frontpage_Header,Red,4.1
829592,Sweatshirt,Catalog,Orange,3.7
893142,T-Shirt,Catalog,Red,4.6
430635,T-Shirt,Category_Highlight,Green,5.0
668519,Polo-Shirt,Category_Highlight,Brown,3.2
696860,T-Shirt,Category_Highlight,Red,4.8
640199,Polo-Shirt,Category_Highlight,Orange,2.1
196555,Tunic,Display_Ad_Campaign,Yellow,4.7
370095,Tunic,Catalog,Multi-Color,3.1
581581,T-Shirt,Catalog,Multi-Color,1.7
435567,Blouse,Catalog,Pink,4.6
490965,Sweatshirt,Category_Highlight,Brown,4.3
929397,Tunic,Category_Highlight,Green,2.6
575152,T-Shirt,Category_Highlight,Multi-Color,3.5
367455,Tunic,Frontpage_Header,Black,4.0
936795,Sweatshirt,Category_Highlight,Blue,4.1
703626,Polo-Shirt,Category_Highlight,Black,3.7
930875,Sweatshirt,Display_Ad_Campaign,Pink,4.3
329404,Polo-Shirt,Frontpage_Header,Green,2.4
441535,Tunic,Display_Ad_Campaign,Multi-Color,4.1
188593,Blouse,Category_Highlight,Multi-Color,2.7
637831,Polo-Shirt,Category_Highlight,White,3.3
765331,Blouse,Category_Highlight,Orange,2.9
517846,T-Shirt,Category_Highlight,Brown,5.0
483344,Sweatshirt,Frontpage_Header,Green,3.2
555404,Sweatshirt,Frontpage_Header,Multi-Color,1.9
971471,Polo-Shirt,Category_Highlight,Yellow,3.8
136838,Blouse,Frontpage_Header,Black,5.3
261962,Sweatshirt,Category_Highlight,Red,1.5
568747,Sweatshirt,Catalog,Red,4.5
655360,Tunic,Category_Highlight,Red,2.9
250089,T-Shirt,Catalog,Black,3.8
827812,Sweatshirt,Frontpage_Header,Red,3.2
204707,Sweatshirt,Catalog,Multi-Color,2.1
669651,Sweatshirt,Display_Ad_Campaign,Blue,3.1
401751,Polo-Shirt,Frontpage_Header,Brown,2.2
133081,Hoodie,Frontpage_Header,Yellow,2.3
292688,Sweatshirt,Display_Ad_Campaign,Blue,5.5
280356,T-Shirt,Catalog,Yellow,4.3
485005,Tunic,Category_Highlight,Brown,4.4
222799,Tunic,Category_Highlight,Multi-Color,3.4
311892,T-Shirt,Frontpage_Header,Multi-Color,4.5
307455,Tunic,Frontpage_Header,Multi-Color,4.4
695122,Blouse,Frontpage_Header,Red,4.4
744063,Tunic,Catalog,Brown,3.2
148941,T-Shirt,Category_Highlight,Red,3.5
468830,T-Shirt,Category_Highlight,Yellow,4.9
167556,Hoodie,Display_Ad_Campaign,Blue,2.7
383089,T-Shirt,Category_Highlight,Blue,2.9
820643,Blouse,Frontpage_Header,Red,5.1
191749,Polo-Shirt,Category_Highlight,Blue,1.3
880029,Hoodie,Catalog,Yellow,2.7
355961,Hoodie,Catalog,Green,4.1
578086,Sweatshirt,Catalog,Orange,4.6
168519,Hoodie,Category_Highlight,Blue,3.5
853189,Blouse,Frontpage_Header,Black,3.6
329863,T-Shirt,Category_Highlight,Orange,5.2
698969,Hoodie,Category_Highlight,Brown,3.6
511146,Polo-Shirt,Frontpage_Header,Yellow,2.7
357447,T-Shirt,Display_Ad_Campaign,Multi-Color,4.1
405831,Blouse,Frontpage_Header,Blue,4.2
534457,Sweatshirt,Catalog,Red,3.6
886475,Tunic,Category_Highlight,Red,2.7
556509,Sweatshirt,Category_Highlight,Black,4.7
909463,Tunic,Frontpage_Header,Multi-Color,3.0
626936,Polo-Shirt,Display_Ad_Campaign,Yellow,4.8
264213,T-Shirt,Catalog,Pink,3.4
314141,Polo-Shirt,Frontpage_Header,Green,2.4
289635,Sweatshirt,Display_Ad_Campaign,Orange,4.3
594452,Hoodie,Category_Highlight,Brown,3.5
712132,Tunic,Display_Ad_Campaign,Black,2.3
383060,Hoodie,Catalog,Multi-Color,3.5
924897,Blouse,Category_Highlight,Yellow,3.5
306979,Polo-Shirt,Frontpage_Header,Brown,2.1
182443,T-Shirt,Category_Highlight,Green,5.6
404543,Sweatshirt,Frontpage_Header,Blue,3.6
709956,Polo-Shirt,Catalog,Yellow,3.7
272596,Hoodie,Frontpage_Header,Blue,4.3
134326,Blouse,Catalog,Yellow,3.5
156003,Blouse,Category_Highlight,Yellow,4.5
799209,T-Shirt,Catalog,Red,4.2
297601,Polo-Shirt,Category_Highlight,Multi-Color,2.8
564668,Polo-Shirt,Catalog,Orange,2.0
259352,T-Shirt,Catalog,Orange,4.0
615654,Blouse,Display_Ad_Campaign,Black,3.3
494406,Sweatshirt,Frontpage_Header,Blue,3.0
879239,Tunic,Category_Highlight,Yellow,2.5
838970,Tunic,Category_Highlight,Green,3.1
150140,Tunic,Category_Highlight,Multi-Color,3.4
579463,Polo-Shirt,Category_Highlight,Pink,1.7
818986,Polo-Shirt,Display_Ad_Campaign,Multi-Color,2.8
262684,Sweatshirt,Category_Highlight,Multi-Color,1.5
446490,Sweatshirt,Display_Ad_Campaign,Pink,5.0
163740,Blouse,Category_Highlight,Multi-Color,2.4
174307,Tunic,Display_Ad_Campaign,Multi-Color,3.7
914783,T-Shirt,Category_Highlight,Multi-Color,3.8
490100,Polo-Shirt,Frontpage_Header,Brown,3.2
897361,Sweatshirt,Catalog,Blue,4.7
685873,T-Shirt,Category_Highlight,Yellow,3.6
196181,T-Shirt,Display_Ad_Campaign,Red,4.2
589185,Polo-Shirt,Category_Highlight,Yellow,3.8
899075,Sweatshirt,Catalog,Red,1.5
321361,T-Shirt,Frontpage_Header,Yellow,3.7
559231,Hoodie,Category_Highlight,Blue,4.7
732944,Tunic,Category_Highlight,Yellow,3.2
318035,Blouse,Frontpage_Header,Multi-Color,2.5
438944,Tunic,Category_Highlight,Brown,4.5
772303,Tunic,Frontpage_Header,Multi-Color,2.9
258211,T-Shirt,Category_Highlight,Multi-Color,2.7
458252,Polo-Shirt,Frontpage_Header,Brown,2.4
848585,Blouse,Display_Ad_Campaign,Brown,5.0
315144,Tunic,Category_Highlight,Yellow,4.2
106872,T-Shirt,Catalog,Black,3.8
844320,Tunic,Display_Ad_Campaign,Black,2.3
472863,Tunic,Catalog,Green,3.4
662967,Tunic,Catalog,Green,2.1
517788,Sweatshirt,Frontpage_Header,Pink,3.5
377057,Blouse,Frontpage_Header,Multi-Color,2.2
484311,Sweatshirt,Frontpage_Header,Blue,3.2
253753,T-Shirt,Frontpage_Header,Green,4.9
247125,T-Shirt,Category_Highlight,Blue,3.1
695744,Polo-Shirt,Catalog,Red,3.0
912784,Polo-Shirt,Frontpage_Header,Green,3.7
660248,Sweatshirt,Catalog,Red,2.0
520087,Polo-Shirt,Catalog,Green,3.7
248395,Tunic,Category_Highlight,Brown,4.1
912533,Polo-Shirt,Frontpage_Header,Brown,2.9
639704,Hoodie,Category_Highlight,Yellow,3.5
218136,Polo-Shirt,Catalog,Yellow,4.3
314259,Hoodie,Catalog,Orange,2.8
429451,Blouse,Frontpage_Header,Red,2.0
233317,Blouse,Catalog,Yellow,3.4
743703,T-Shirt,Catalog,Black,3.4
481926,Polo-Shirt,Category_Highlight,Brown,4.4
404376,Polo-Shirt,Category_Highlight,Orange,2.9
226342,Polo-Shirt,Display_Ad_Campaign,Blue,1.7
463547,T-Shirt,Category_Highlight,Multi-Color,1.1
240490,Blouse,Frontpage_Header,Pink,3.4
621890,Polo-Shirt,Catalog,Multi-Color,3.2
169742,T-Shirt,Category_Highlight,White,3.3
679229,Tunic,Category_Highlight,Multi-Color,3.8
688101,Polo-Shirt,Catalog,Multi-Color,2.8
638169,Hoodie,Category_Highlight,Multi-Color,2.5
832660,T-Shirt,Frontpage_Header,Multi-Color,5.1
435886,T-Shirt,Display_Ad_Campaign,Black,3.1
781409,Sweatshirt,Catalog,Yellow,2.7
568939,Polo-Shirt,Catalog,Yellow,3.3
594461,T-Shirt,Category_Highlight,Green,5.2
874853,Hoodie,Catalog,Green,3.3
254134,Hoodie,Frontpage_Header,Green,3.3
251560,T-Shirt,Catalog,Brown,5.5
707719,Hoodie,Frontpage_Header,Pink,3.8
251462,Sweatshirt,Catalog,Orange,4.9
435838,Sweatshirt,Catalog,Orange,3.2
974789,Tunic,Category_Highlight,Red,3.1
520651,Tunic,Catalog,Yellow,2.2
586551,Sweatshirt,Catalog,Red,2.4
135880,Polo-Shirt,Category_Highlight,Multi-Color,3.1
187966,Blouse,Frontpage_Header,Black,4.7
970019,Blouse,Frontpage_Header,Multi-Color,2.2
551561,Sweatshirt,Category_Highlight,Red,1.6
399201,T-Shirt,Category_Highlight,Green,4.4
441037,T-Shirt,Display_Ad_Campaign,Multi-Color,1.4
143998,Polo-Shirt,Catalog,Blue,2.2
557305,Sweatshirt,Catalog,Red,2.1
274285,Polo-Shirt,Frontpage_Header,Yellow,2.1
803852,Blouse,Frontpage_Header,Multi-Color,3.0
348525,Hoodie,Display_Ad_Campaign,Yellow,4.9
308669,Blouse,Category_Highlight,Black,4.7
869277,Tunic,Category_Highlight,Multi-Color,3.8
199341,Tunic,Display_Ad_Campaign,Blue,2.6
651051,T-Shirt,Frontpage_Header,Multi-Color,2.6
753002,Tunic,Frontpage_Header,Red,2.6
267404,Blouse,Category_Highlight,Blue,3.0
379861,Blouse,Category_Highlight,Blue,2.8
325567,T-Shirt,Category_Highlight,Yellow,3.2
796713,Tunic,Display_Ad_Campaign,Black,3.0
339116,Polo-Shirt,Category_Highlight,Blue,3.3
133865,T-Shirt,Category_Highlight,Green,5.6
680989,T-Shirt,Catalog,Red,4.1
299120,Polo-Shirt,Catalog,Multi-Color,3.3
487233,Sweatshirt,Catalog,Orange,4.2
468763,Blouse,Frontpage_Header,Multi-Color,2.4
277300,Tunic,Display_Ad_Campaign,Blue,3.7
972753,Polo-Shirt,Category_Highlight,Multi-Color,2.4
510628,Blouse,Display_Ad_Campaign,Blue,4.8
416734,Sweatshirt,Catalog,Red,2.7
174955,Tunic,Category_Highlight,Yellow,2.4
364746,T-Shirt,Category_Highlight,Multi-Color,4.2
615250,Sweatshirt,Frontpage_Header,Green,3.4
124202,Sweatshirt,Frontpage_Header,Green,3.2
739660,Polo-Shirt,Category_Highlight,Brown,2.5
308940,Hoodie,Catalog,Orange,3.3
868652,Sweatshirt,Category_Highlight,Red,1.1
966958,Hoodie,Catalog,Yellow,3.1
202347,Blouse,Display_Ad_Campaign,White,4.7
760953,Sweatshirt,Category_Highlight,Orange,1.5
269233,Sweatshirt,Catalog,Orange,4.0
349894,Blouse,Frontpage_Header,Multi-Color,2.9
776527,Hoodie,Category_Highlight,Red,3.3
906765,Blouse,Frontpage_Header,Multi-Color,2.2
229393,Blouse,Catalog,Yellow,4.9
332757,T-Shirt,Catalog,Red,4.6
218544,Sweatshirt,Frontpage_Header,Pink,3.7
923050,Hoodie,Catalog,Pink,3.7
382734,Polo-Shirt,Frontpage_Header,Blue,4.0
715821,Blouse,Display_Ad_Campaign,Brown,5.4
475129,Blouse,Frontpage_Header,Blue,4.3
186227,Sweatshirt,Frontpage_Header,Blue,3.1
546403,Polo-Shirt,Frontpage_Header,Brown,2.6
760505,Sweatshirt,Catalog,Brown,4.4
616766,Blouse,Display_Ad_Campaign,Blue,5.5
633102,T-Shirt,Display_Ad_Campaign,Blue,4.2
189152,T-Shirt,Frontpage_Header,Yellow,4.1
207216,Tunic,Frontpage_Header,Blue,3.3
964737,T-Shirt,Catalog,Multi-Color,1.5
801860,Tunic,Frontpage_Header,Multi-Color,2.6
550856,Sweatshirt,Catalog,Red,1.3
464020,Blouse,Display_Ad_Campaign,Blue,5.0
516605,T-Shirt,Catalog,Blue,3.6
744379,Tunic,Category_Highlight,Green,3.1
300266,Tunic,Display_Ad_Campaign,Red,4.2
193277,T-Shirt,Category_Highlight,Yellow,4.6
526045,Hoodie,Catalog,Black,4.7
559111,Blouse,Frontpage_Header,Black,4.3
899139,Sweatshirt,Catalog,Multi-Color,2.7
135528,Blouse,Frontpage_Header,Red,3.6
148605,Sweatshirt,Display_Ad_Campaign,Orange,4.9
663492,Polo-Shirt,Frontpage_Header,Brown,2.8
867621,Polo-Shirt,Category_Highlight,Pink,2.5
338365,Hoodie,Catalog,Green,3.9
656266,Tunic,Frontpage_Header,Multi-Color,2.7
488335,Hoodie,Catalog,Green,4.0
185095,Tunic,Display_Ad_Campaign,Multi-Color,4.6
279735,Blouse,Catalog,Blue,2.5
784723,Tunic,Frontpage_Header,Red,2.3
544448,Tunic,Category_Highlight,Blue,4.6
736156,T-Shirt,Catalog,Multi-Color,3.5
282753,T-Shirt,Frontpage_Header,Yellow,4.3
335177,Polo-Shirt,Catalog,Red,2.7
510840,Tunic,Category_Highlight,Multi-Color,3.2
532947,T-Shirt,Frontpage_Header,Multi-Color,4.6
616902,Blouse,Category_Highlight,Yellow,4.2
732746,Tunic,Category_Highlight,Multi-Color,3.8
451593,Sweatshirt,Frontpage_Header,Red,4.6
742658,Sweatshirt,Frontpage_Header,Yellow,3.7
671119,Sweatshirt,Display_Ad_Campaign,Blue,3.2
129318,Tunic,Category_Highlight,Multi-Color,2.9
385525,T-Shirt,Catalog,Red,5.0
725978,Sweatshirt,Frontpage_Header,White,4.7
773216,Sweatshirt,Catalog,Orange,3.1
621704,Polo-Shirt,Frontpage_Header,Brown,3.5
121124,Sweatshirt,Display_Ad_Campaign,Blue,3.8
971715,Polo-Shirt,Category_Highlight,Orange,3.5
608695,Hoodie,Category_Highlight,White,4.2
675955,Sweatshirt,Display_Ad_Campaign,Orange,4.6
604888,T-Shirt,Frontpage_Header,Multi-Color,2.6
415636,Sweatshirt,Catalog,Black,4.0
383328,Tunic,Display_Ad_Campaign,Multi-Color,4.1
617399,Polo-Shirt,Category_Highlight,Blue,1.9
963003,T-Shirt,Category_Highlight,Black,3.1
163379,Hoodie,Catalog,Black,5.2
557853,Polo-Shirt,Display_Ad_Campaign,Multi-Color,3.3
234263,Polo-Shirt,Category_Highlight,Red,2.6
849393,T-Shirt,Category_Highlight,Blue,1.9
780035,Hoodie,Category_Highlight,Blue,4.5
450354,Blouse,Frontpage_Header,Red,5.0
826034,T-Shirt,Frontpage_Header,Black,5.0
163612,Hoodie,Catalog,Pink,2.9
544374,Sweatshirt,Catalog,Orange,3.2
120113,Polo-Shirt,Catalog,Blue,1.4
444897,Sweatshirt,Frontpage_Header,Blue,3.0
442678,Polo-Shirt,Category_Highlight,White,3.4
592430,Polo-Shirt,Category_Highlight,Orange,3.1
967589,Blouse,Display_Ad_Campaign,Brown,5.2
123221,Sweatshirt,Display_Ad_Campaign,White,2.8
813098,Polo-Shirt,Catalog,Blue,2.3
810786,Polo-Shirt,Category_Highlight,Multi-Color,3.0
701204,Hoodie,Category_Highlight,Black,4.9
782494,Sweatshirt,Catalog,Yellow,2.8
888945,Tunic,Catalog,Green,2.5
628275,Polo-Shirt,Catalog,Pink,4.8
259377,T-Shirt,Category_Highlight,Green,4.8
384420,T-Shirt,Catalog,Blue,2.4
604561,Hoodie,Catalog,Pink,2.9
202047,T-Shirt,Frontpage_Header,Yellow,4.2
646834,Polo-Shirt,Frontpage_Header,Yellow,2.4
335083,Tunic,Catalog,Green,2.9
159084,Blouse,Frontpage_Header,Black,4.1
959812,Sweatshirt,Catalog,Orange,3.8
357687,Polo-Shirt,Category_Highlight,Yellow,2.1
470250,Polo-Shirt,Category_Highlight,Blue,3.2
487354,T-Shirt,Frontpage_Header,Red,4.8
895104,Tunic,Frontpage_Header,Brown,3.9
606794,Polo-Shirt,Category_Highlight,White,3.4
710520,Hoodie,Category_Highlight,White,4.7
397662,Polo-Shirt,Category_Highlight,Blue,2.2
848055,Polo-Shirt,Category_Highlight,Multi-Color,3.7
299575,Polo-Shirt,Category_Highlight,Blue,2.9
899665,T-Shirt,Catalog,Red,3.9
172077,Tunic,Display_Ad_Campaign,Black,2.6
492768,Polo-Shirt,Display_Ad_Campaign,Blue,1.4
107201,Blouse,Frontpage_Header,Black,4.6
480723,T-Shirt,Catalog,Red,4.6
814031,Sweatshirt,Display_Ad_Campaign,Black,3.6
194205,Blouse,Frontpage_Header,Blue,2.7
982097,Tunic,Frontpage_Header,Red,4.0
979338,Sweatshirt,Frontpage_Header,Green,2.8
796782,Polo-Shirt,Category_Highlight,Blue,3.5
860348,T-Shirt,Display_Ad_Campaign,Blue,4.9
529666,Polo-Shirt,Catalog,Blue,2.0
858331,Polo-Shirt,Display_Ad_Campaign,Black,3.2
358350,T-Shirt,Category_Highlight,Green,5.2
624525,Polo-Shirt,Display_Ad_Campaign,Pink,4.8
925924,Tunic,Category_Highlight,Multi-Color,3.8
757990,Tunic,Category_Highlight,Brown,3.8
163613,Tunic,Category_Highlight,Blue,4.3
158796,Polo-Shirt,Display_Ad_Campaign,Blue,2.2
289830,Tunic,Frontpage_Header,Multi-Color,3.6
359162,T-Shirt,Category_Highlight,Blue,3.6
494926,Tunic,Frontpage_Header,Yellow,2.6
460375,Tunic,Catalog,Blue,4.3
200830,T-Shirt,Display_Ad_Campaign,Black,3.4
558813,T-Shirt,Frontpage_Header,Blue,2.8
819470,Polo-Shirt,Frontpage_Header,Brown,2.4
373119,Sweatshirt,Catalog,Pink,2.5
411593,Polo-Shirt,Category_Highlight,Black,4.0
585729,Tunic,Category_Highlight,Multi-Color,2.6
594436,Blouse,Display_Ad_Campaign,White,4.9
974200,Tunic,Category_Highlight,White,4.2
162299,Polo-Shirt,Category_Highlight,Orange,1.8
351163,Tunic,Display_Ad_Campaign,Black,3.4
218385,Polo-Shirt,Display_Ad_Campaign,Yellow,4.6
773487,T-Shirt,Frontpage_Header,Red,4.0
349019,T-Shirt,Category_Highlight,Yellow,3.7
237976,Tunic,Category_Highlight,Multi-Color,3.5
748691,Tunic,Frontpage_Header,Multi-Color,2.5
492832,Tunic,Category_Highlight,Black,4.2
564181,Polo-Shirt,Category_Highlight,Blue,4.0
864453,T-Shirt,Display_Ad_Campaign,Multi-Color,1.9
713703,Blouse,Display_Ad_Campaign,Blue,4.7
402696,Tunic,Category_Highlight,Blue,4.9
452327,Tunic,Category_Highlight,Red,2.5
268902,Polo-Shirt,Display_Ad_Campaign,Yellow,3.8
875528,Blouse,Frontpage_Header,Red,1.9
966955,Sweatshirt,Frontpage_Header,Green,2.6
761321,T-Shirt,Category_Highlight,Blue,3.3
246533,T-Shirt,Catalog,Red,4.4
410112,Blouse,Frontpage_Header,Orange,4.1
233835,T-Shirt,Frontpage_Header,Yellow,4.5
730115,T-Shirt,Category_Highlight,Black,3.8
399146,Sweatshirt,Display_Ad_Campaign,Black,4.7
696090,Blouse,Frontpage_Header,Red,4.0
487839,Polo-Shirt,Category_Highlight,Yellow,4.2
247528,Tunic,Category_Highlight,Yellow,2.9
595658,T-Shirt,Display_Ad_Campaign,Black,3.9
143119,Hoodie,Catalog,Yellow,3.1
398716,Tunic,Category_Highlight,Red,3.7
863413,Polo-Shirt,Catalog,Yellow,3.5
827675,Sweatshirt,Display_Ad_Campaign,Orange,4.4
273699,Tunic,Display_Ad_Campaign,Yellow,4.8
700107,Blouse,Display_Ad_Campaign,Black,3.7
920871,T-Shirt,Catalog,Yellow,5.0
173461,Blouse,Frontpage_Header,Red,4.7
938351,Sweatshirt,Frontpage_Header,Orange,3.3
491168,Tunic,Catalog,Green,2.3
791946,Tunic,Category_Highlight,Brown,4.6
673144,Tunic,Catalog,Green,2.3
557196,Polo-Shirt,Display_Ad_Campaign,Yellow,3.7
691227,Hoodie,Catalog,Green,3.3
860611,Tunic,Category_Highlight,White,4.3
631335,Polo-Shirt,Catalog,Green,3.8
726862,Blouse,Category_Highlight,Blue,2.0
229794,Hoodie,Catalog,White,5.3
905213,Polo-Shirt,Catalog,Yellow,4.3
457596,Sweatshirt,Category_Highlight,Red,1.7
950323,Sweatshirt,Display_Ad_Campaign,Multi-Color,2.3
284430,Hoodie,Frontpage_Header,Pink,3.1
350341,Blouse,Frontpage_Header,Multi-Color,1.7
507189,Hoodie,Category_Highlight,White,4.8
738050,Sweatshirt,Frontpage_Header,Blue,4.0
136663,Tunic,Frontpage_Header,Multi-Color,3.4
846786,Tunic,Category_Highlight,Multi-Color,3.7
802603,Blouse,Frontpage_Header,Multi-Color,2.9
395995,Hoodie,Catalog,Pink,2.9
375566,Polo-Shirt,Catalog,Multi-Color,2.7
607914,T-Shirt,Catalog,Yellow,3.7
872187,T-Shirt,Frontpage_Header,Multi-Color,1.9
968487,Polo-Shirt,Catalog,Blue,1.3
285674,Hoodie,Display_Ad_Campaign,Yellow,3.9
808626,Tunic,Category_Highlight,Green,4.1
718237,T-Shirt,Catalog,Blue,2.0
327667,Hoodie,Catalog,Blue,1.6
131357,T-Shirt,Category_Highlight,Multi-Color,3.8
113108,Sweatshirt,Frontpage_Header,Green,3.2
292241,Sweatshirt,Category_Highlight,Blue,2.8
886391,Tunic,Frontpage_Header,Black,3.9
907469,Polo-Shirt,Catalog,Multi-Color,2.5
647169,Sweatshirt,Catalog,Black,4.8
559236,Hoodie,Frontpage_Header,Green,2.1
244268,Blouse,Catalog,Brown,5.2
847555,Tunic,Category_Highlight,Multi-Color,2.4
766783,T-Shirt,Frontpage_Header,Yellow,4.4
192180,Polo-Shirt,Category_Highlight,Pink,2.9
875764,Hoodie,Catalog,Yellow,2.7
920459,T-Shirt,Category_Highlight,Green,4.4
199582,Hoodie,Category_Highlight,Yellow,3.8
695957,Polo-Shirt,Category_Highlight,Blue,3.2
531550,T-Shirt,Frontpage_Header,Yellow,3.8
465394,Sweatshirt,Frontpage_Header,Blue,3.7
876529,Sweatshirt,Catalog,Red,1.9
476802,Blouse,Frontpage_Header,Red,3.8
686723,T-Shirt,Display_Ad_Campaign,Red,4.2
654218,Tunic,Frontpage_Header,Multi-Color,3.3
691732,T-Shirt,Frontpage_Header,Multi-Color,5.4
173596,Sweatshirt,Display_Ad_Campaign,White,3.0
955593,Sweatshirt,Catalog,Red,2.0
398744,Tunic,Frontpage_Header,Multi-Color,2.9
484350,Sweatshirt,Category_Highlight,Red,1.4
557858,Polo-Shirt,Catalog,Pink,2.7
121855,Polo-Shirt,Category_Highlight,Pink,2.6
931581,Tunic,Catalog,Blue,5.2
727400,Polo-Shirt,Display_Ad_Campaign,Yellow,4.9
780051,Polo-Shirt,Category_Highlight,Multi-Color,3.2
980801,T-Shirt,Category_Highlight,Multi-Color,3.5
768374,T-Shirt,Catalog,Red,4.3
495569,T-Shirt,Frontpage_Header,Pink,4.7
186941,Sweatshirt,Catalog,Yellow,3.1
199259,Polo-Shirt,Category_Highlight,Blue,3.0
970068,Blouse,Catalog,Pink,3.9
799988,T-Shirt,Category_Highlight,Green,5.2
210295,Hoodie,Catalog,Green,2.1
346675,Blouse,Display_Ad_Campaign,Brown,5.6
708007,Sweatshirt,Catalog,Yellow,3.0
551597,T-Shirt,Category_Highlight,Black,4.3
224444,Blouse,Catalog,Black,3.1
536995,T-Shirt,Catalog,Black,4.0
477572,Sweatshirt,Catalog,Green,3.4
267250,Hoodie,Display_Ad_Campaign,Orange,4.4
773461,Blouse,Catalog,Black,5.1
517815,Sweatshirt,Frontpage_Header,Blue,3.5
769765,Blouse,Display_Ad_Campaign,Blue,4.4
271452,Polo-Shirt,Category_Highlight,Orange,3.5
628169,Polo-Shirt,Frontpage_Header,Yellow,3.1
931090,T-Shirt,Category_Highlight,Blue,2.8
335074,Hoodie,Catalog,Orange,2.8
278754,Hoodie,Category_Highlight,Yellow,2.8
406575,Tunic,Category_Highlight,Brown,4.4
169604,Polo-Shirt,Category_Highlight,White,2.7
230277,Tunic,Category_Highlight,Blue,5.4
359600,Blouse,Frontpage_Header,Black,4.5
887115,Polo-Shirt,Category_Highlight,Brown,2.9
936423,Polo-Shirt,Display_Ad_Campaign,Pink,4.7
575647,Tunic,Category_Highlight,Orange,2.0
626735,Hoodie,Catalog,Green,2.7
303868,Tunic,Catalog,Brown,2.2
656692,Tunic,Catalog,Green,3.3
428614,Sweatshirt,Catalog,Multi-Color,1.5
309838,Tunic,Display_Ad_Campaign,Multi-Color,4.3
179311,Polo-Shirt,Catalog,Pink,4.4
788027,T-Shirt,Catalog,Red,4.5
252024,Hoodie,Display_Ad_Campaign,Orange,4.9
747773,Tunic,Category_Highlight,Blue,4.1
550107,Blouse,Display_Ad_Campaign,Brown,5.1
444530,Tunic,Display_Ad_Campaign,Black,3.2
593022,Sweatshirt,Category_Highlight,Red,1.3
942059,Hoodie,Category_Highlight,White,3.9
788032,Tunic,Category_Highlight,Multi-Color,2.8
332905,Blouse,Catalog,Orange,4.7
827729,T-Shirt,Category_Highlight,Yellow,4.0
710871,Sweatshirt,Display_Ad_Campaign,Orange,4.2
629015,T-Shirt,Frontpage_Header,Multi-Color,4.3
263372,Tunic,Category_Highlight,Green,3.3
170483,Blouse,Frontpage_Header,Black,5.2
600337,Polo-Shirt,Catalog,Brown,3.2
212497,Sweatshirt,Catalog,Multi-Color,2.3
234855,Blouse,Frontpage_Header,Green,2.4
300583,Hoodie,Category_Highlight,White,4.5
919298,Polo-Shirt,Category_Highlight,Orange,3.0
747144,Hoodie,Catalog,Orange,4.5
509715,T-Shirt,Catalog,Orange,4.3
760480,Sweatshirt,Display_Ad_Campaign,Pink,4.9
772806,Tunic,Category_Highlight,Multi-Color,3.4
524634,Sweatshirt,Catalog,Orange,3.6
776830,T-Shirt,Category_Highlight,Blue,3.2
853155,Blouse,Display_Ad_Campaign,Green,3.7
540712,Polo-Shirt,Catalog,Multi-Color,3.3
319418,Tunic,Category_Highlight,Yellow,3.8
535297,Blouse,Display_Ad_Campaign,Red,1.8
793310,Polo-Shirt,Catalog,Multi-Color,3.1
852052,Sweatshirt,Frontpage_Header,Yellow,3.2
946408,Tunic,Frontpage_Header,Black,3.2
907450,Tunic,Frontpage_Header,Pink,3.2
491746,Tunic,Category_Highlight,Multi-Color,3.1
759278,Tunic,Catalog,Brown,3.4
860108,Tunic,Category_Highlight,Black,4.5
322406,Sweatshirt,Catalog,Black,5.2
661510,Tunic,Frontpage_Header,Blue,3.0
106230,Tunic,Category_Highlight,Pink,2.4
967962,Blouse,Frontpage_Header,Blue,4.5
333327,Blouse,Display_Ad_Campaign,Blue,5.1
883507,Tunic,Catalog,Green,2.9
493384,Polo-Shirt,Category_Highlight,Yellow,2.9
720511,Polo-Shirt,Catalog,Yellow,3.1
231462,Blouse,Catalog,Yellow,4.2
799173,Sweatshirt,Catalog,Orange,4.3
263684,Hoodie,Frontpage_Header,Blue,3.7
369197,Blouse,Category_Highlight,Blue,3.3
780491,T-Shirt,Display_Ad_Campaign,Black,3.4
402640,Tunic,Category_Highlight,Multi-Color,3.2
716360,Hoodie,Catalog,Yellow,2.9
123438,T-Shirt,Catalog,Black,2.7
309565,Polo-Shirt,Catalog,Pink,3.9
635925,Sweatshirt,Frontpage_Header,Black,3.4
871893,Polo-Shirt,Frontpage_Header,White,2.8
851884,Blouse,Display_Ad_Campaign,Brown,4.9
246104,T-Shirt,Category_Highlight,Multi-Color,1.7
622589,Hoodie,Display_Ad_Campaign,Yellow,2.1
954012,Tunic,Category_Highlight,Pink,2.2
547904,Sweatshirt,Frontpage_Header,Green,2.8
227587,Hoodie,Catalog,Green,4.5
332221,Tunic,Category_Highlight,Brown,4.3
809760,Tunic,Display_Ad_Campaign,Black,2.8
836730,Hoodie,Category_Highlight,Orange,2.0
858016,Tunic,Category_Highlight,Multi-Color,2.7
301327,Hoodie,Catalog,Yellow,2.8
285717,Tunic,Frontpage_Header,Red,2.4
522674,Blouse,Display_Ad_Campaign,Brown,5.8
660011,Polo-Shirt,Category_Highlight,Blue,3.3
913636,T-Shirt,Category_Highlight,Yellow,4.0
520966,Polo-Shirt,Category_Highlight,Green,3.2
935286,Sweatshirt,Frontpage_Header,Red,1.4
459173,Blouse,Display_Ad_Campaign,Blue,5.0
180834,Polo-Shirt,Frontpage_Header,Green,2.3
247182,Hoodie,Category_Highlight,Green,4.1
813577,Blouse,Frontpage_Header,Red,1.6
244133,Hoodie,Catalog,Green,3.8
808914,Polo-Shirt,Frontpage_Header,Brown,3.0
301608,Hoodie,Frontpage_Header,Yellow,2.2
481044,Tunic,Frontpage_Header,Red,3.7
794197,T-Shirt,Category_Highlight,Blue,3.6
643455,T-Shirt,Category_Highlight,Blue,2.9
653193,Sweatshirt,Catalog,Multi-Color,1.8
238027,Tunic,Frontpage_Header,Blue,3.4
782094,Tunic,Frontpage_Header,Blue,3.6
657662,T-Shirt,Frontpage_Header,Yellow,4.5
877634,Blouse,Frontpage_Header,Multi-Color,2.1
978759,Polo-Shirt,Catalog,Multi-Color,3.7
763910,T-Shirt,Category_Highlight,Green,4.1
389296,Sweatshirt,Display_Ad_Campaign,Blue,3.3
565342,Polo-Shirt,Frontpage_Header,Yellow,2.4
720681,Sweatshirt,Display_Ad_Campaign,Blue,3.7
956230,T-Shirt,Category_Highlight,Yellow,4.3
280835,Sweatshirt,Frontpage_Header,Yellow,3.4
237419,Blouse,Display_Ad_Campaign,Brown,5.0
735220,T-Shirt,Frontpage_Header,Yellow,4.2
962589,Hoodie,Frontpage_Header,Blue,3.1
907905,Hoodie,Category_Highlight,Blue,4.5
510849,Polo-Shirt,Catalog,Blue,1.8
766331,Tunic,Category_Highlight,Green,3.2
297071,Polo-Shirt,Frontpage_Header,Brown,2.4
204394,Tunic,Category_Highlight,Red,3.4
469097,Sweatshirt,Display_Ad_Campaign,Orange,4.6
855310,Polo-Shirt,Category_Highlight,Green,3.9
897822,Hoodie,Category_Highlight,Blue,4.4
839981,T-Shirt,Category_Highlight,Blue,3.9
762895,Polo-Shirt,Catalog,Pink,3.2
902246,Blouse,Category_Highlight,Black,4.6
170161,T-Shirt,Frontpage_Header,Green,4.5
205302,Polo-Shirt,Category_Highlight,Multi-Color,2.7
416347,Tunic,Category_Highlight,White,3.7
121326,Hoodie,Display_Ad_Campaign,Yellow,4.9
744651,T-Shirt,Frontpage_Header,Yellow,3.9
104681,Sweatshirt,Catalog,Multi-Color,1.9
869194,Hoodie,Category_Highlight,Blue,3.5
642161,Tunic,Frontpage_Header,Red,3.7
371304,Polo-Shirt,Frontpage_Header,Yellow,2.4
974644,Hoodie,Catalog,Orange,3.2
924668,Tunic,Category_Highlight,Yellow,3.7
389920,Tunic,Frontpage_Header,Multi-Color,3.0
178093,Polo-Shirt,Catalog,Brown,2.9
904540,Hoodie,Catalog,Green,3.8
616188,Sweatshirt,Frontpage_Header,Blue,2.9
704071,Tunic,Category_Highlight,Pink,1.9
850711,Sweatshirt,Frontpage_Header,Blue,3.7
619965,T-Shirt,Catalog,Multi-Color,3.1
933665,Sweatshirt,Category_Highlight,Red,1.6
885348,Polo-Shirt,Category_Highlight,Brown,3.7
479739,Tunic,Display_Ad_Campaign,Black,2.8
291508,T-Shirt,Category_Highlight,Blue,2.9
817676,Polo-Shirt,Category_Highlight,Multi-Color,3.0
599558,T-Shirt,Frontpage_Header,Pink,4.2
847320,Hoodie,Category_Highlight,White,4.9
463834,Sweatshirt,Display_Ad_Campaign,Blue,3.2
210361,Blouse,Catalog,Yellow,3.6
507542,Polo-Shirt,Catalog,Pink,2.6
842104,Sweatshirt,Catalog,Orange,4.6
421159,Sweatshirt,Frontpage_Header,Orange,4.2
228627,Hoodie,Category_Highlight,White,4.4
213183,Polo-Shirt,Category_Highlight,Blue,3.0
204801,Blouse,Category_Highlight,Red,1.4
519148,Tunic,Catalog,Green,2.5
262223,T-Shirt,Catalog,Multi-Color,1.7
541156,Polo-Shirt,Catalog,Pink,3.5
657512,Tunic,Catalog,Green,2.6
817062,Tunic,Frontpage_Header,Multi-Color,2.9
896419,Polo-Shirt,Catalog,Pink,3.4
598314,Hoodie,Catalog,Multi-Color,2.3
135234,Tunic,Category_Highlight,Multi-Color,3.3
269320,Tunic,Catalog,Green,2.5
432239,Sweatshirt,Frontpage_Header,Green,3.0
375103,Polo-Shirt,Frontpage_Header,Brown,2.7
190499,Tunic,Category_Highlight,Blue,4.7
618058,Hoodie,Frontpage_Header,Blue,4.2
136227,Blouse,Catalog,Yellow,4.1
612923,Sweatshirt,Catalog,Orange,2.8
523260,Hoodie,Frontpage_Header,Green,3.4
890654,Tunic,Category_Highlight,Blue,4.7
375146,Tunic,Category_Highlight,Brown,4.1
213023,Polo-Shirt,Catalog,Multi-Color,3.6
109264,T-Shirt,Display_Ad_Campaign,Black,3.8
971902,Polo-Shirt,Catalog,Yellow,4.1
401327,Sweatshirt,Catalog,Orange,3.8
952736,Blouse,Category_Highlight,Orange,3.7
273900,T-Shirt,Category_Highlight,Pink,3.9
533005,Hoodie,Frontpage_Header,Green,3.2
579123,Polo-Shirt,Frontpage_Header,Yellow,2.3
478527,Sweatshirt,Frontpage_Header,Pink,3.1
988805,Polo-Shirt,Category_Highlight,Pink,3.6
232920,Polo-Shirt,Catalog,Blue,1.5
891054,T-Shirt,Category_Highlight,Blue,2.0
214453,Tunic,Frontpage_Header,Blue,3.4
959044,Tunic,Frontpage_Header,Blue,3.4
466964,T-Shirt,Frontpage_Header,Yellow,4.4
360484,Sweatshirt,Catalog,Yellow,3.3
767189,T-Shirt,Frontpage_Header,Yellow,4.3
159789,Sweatshirt,Catalog,Orange,3.9
250579,Polo-Shirt,Display_Ad_Campaign,Blue,2.0
609436,Sweatshirt,Category_Highlight,Orange,1.2
861540,Polo-Shirt,Catalog,Orange,3.1
574643,Polo-Shirt,Catalog,Yellow,3.4
220937,Hoodie,Catalog,Green,3.8
914087,Polo-Shirt,Category_Highlight,Yellow,2.3
982755,Tunic,Category_Highlight,Blue,3.4
926332,Tunic,Catalog,Brown,4.1
312232,T-Shirt,Frontpage_Header,Multi-Color,4.5
282377,Hoodie,Catalog,Yellow,2.8
300297,Tunic,Catalog,Red,2.7
110667,T-Shirt,Catalog,Red,4.6
443380,T-Shirt,Category_Highlight,Black,3.2
522830,Blouse,Catalog,Yellow,3.9
168511,T-Shirt,Display_Ad_Campaign,Black,3.3
720349,Tunic,Catalog,Blue,4.5
724763,Hoodie,Catalog,White,4.3
636908,Tunic,Frontpage_Header,Multi-Color,3.1
236096,Blouse,Catalog,Blue,1.5
436400,Sweatshirt,Catalog,Black,4.7
334342,Polo-Shirt,Catalog,Green,4.3
162557,Polo-Shirt,Catalog,Blue,3.1
197543,Tunic,Category_Highlight,Blue,4.4
821829,T-Shirt,Category_Highlight,Green,5.7
340571,T-Shirt,Category_Highlight,Yellow,4.2
382178,Tunic,Frontpage_Header,Multi-Color,2.8
836026,Tunic,Frontpage_Header,Pink,2.8
461398,Polo-Shirt,Catalog,Pink,3.9
466254,Tunic,Display_Ad_Campaign,Blue,1.7
269501,Hoodie,Catalog,Pink,3.6
748092,Sweatshirt,Frontpage_Header,Pink,3.2
488068,Polo-Shirt,Category_Highlight,Orange,2.7
321223,Sweatshirt,Catalog,Orange,4.4
527453,Tunic,Display_Ad_Campaign,Black,3.3
190457,Tunic,Catalog,Multi-Color,2.2
863872,T-Shirt,Category_Highlight,Blue,2.7
776235,Blouse,Display_Ad_Campaign,Blue,5.0
358925,Blouse,Catalog,Blue,5.4
870668,T-Shirt,Catalog,Yellow,3.1
114269,Blouse,Display_Ad_Campaign,Multi-Color,1.3
423125,Polo-Shirt,Category_Highlight,Blue,3.5
433308,Hoodie,Catalog,Yellow,3.1
782286,Sweatshirt,Catalog,Black,4.5
254583,Sweatshirt,Catalog,Green,4.2
777182,Blouse,Display_Ad_Campaign,White,5.3
759227,Sweatshirt,Frontpage_Header,Orange,4.4
134701,Sweatshirt,Category_Highlight,Blue,3.2
331937,Hoodie,Display_Ad_Campaign,Yellow,4.9
152458,Polo-Shirt,Display_Ad_Campaign,Yellow,5.4
393833,T-Shirt,Category_Highlight,Blue,2.7
308008,T-Shirt,Catalog,Black,3.6
476160,T-Shirt,Category_Highlight,Red,4.5
715890,Polo-Shirt,Frontpage_Header,Red,3.1
106555,Tunic,Frontpage_Header,Multi-Color,3.4
592315,Polo-Shirt,Catalog,Blue,1.3
944431,T-Shirt,Frontpage_Header,Blue,3.3
615981,T-Shirt,Category_Highlight,Blue,3.0
903391,Polo-Shirt,Category_Highlight,Blue,2.0
478674,Sweatshirt,Catalog,Orange,3.7
796113,T-Shirt,Category_Highlight,Multi-Color,4.4
410608,Sweatshirt,Catalog,Black,4.6
886096,Hoodie,Category_Highlight,White,4.0
310970,Blouse,Frontpage_Header,Red,4.2
979549,Hoodie,Catalog,Pink,3.3
727012,T-Shirt,Display_Ad_Campaign,Blue,3.2
562980,Hoodie,Catalog,Pink,3.1
376778,T-Shirt,Display_Ad_Campaign,Black,4.6
300162,Hoodie,Catalog,Yellow,3.8
382430,Hoodie,Category_Highlight,Multi-Color,3.3
940176,Polo-Shirt,Catalog,Blue,2.2
107598,Polo-Shirt,Display_Ad_Campaign,Pink,5.0
251244,T-Shirt,Frontpage_Header,Multi-Color,3.6
705668,Polo-Shirt,Catalog,Blue,2.7
186044,Hoodie,Display_Ad_Campaign,Yellow,3.3
413977,Sweatshirt,Catalog,Black,4.5
941688,T-Shirt,Display_Ad_Campaign,Black,4.3
965004,Hoodie,Display_Ad_Campaign,Yellow,4.8
697301,T-Shirt,Category_Highlight,Multi-Color,3.3
951458,Hoodie,Catalog,Green,3.5
539316,Sweatshirt,Frontpage_Header,Green,3.1
109002,Blouse,Frontpage_Header,Multi-Color,4.8
270338,Polo-Shirt,Category_Highlight,Yellow,3.5
206402,Blouse,Frontpage_Header,Red,4.1
254956,Polo-Shirt,Frontpage_Header,Pink,3.2
669612,Blouse,Frontpage_Header,Black,4.9
165706,Polo-Shirt,Catalog,Yellow,3.7
680026,Blouse,Display_Ad_Campaign,Yellow,3.1
403364,Sweatshirt,Category_Highlight,Red,0.7
769666,Tunic,Catalog,Green,2.5
861225,Blouse,Frontpage_Header,Blue,4.0
481889,Polo-Shirt,Catalog,Blue,1.9
122887,Sweatshirt,Catalog,Multi-Color,2.5
174048,Tunic,Frontpage_Header,Multi-Color,2.9
672061,Blouse,Frontpage_Header,Black,4.9
658964,Sweatshirt,Frontpage_Header,Pink,3.2
318945,Sweatshirt,Display_Ad_Campaign,Orange,4.9
838570,Tunic,Display_Ad_Campaign,Multi-Color,4.2
533028,Hoodie,Display_Ad_Campaign,Yellow,4.4
585040,Sweatshirt,Category_Highlight,Green,3.6
522779,Hoodie,Frontpage_Header,Brown,2.1
470658,Sweatshirt,Category_Highlight,Red,1.3
663786,Sweatshirt,Catalog,Pink,5.0
551743,Tunic,Category_Highlight,Brown,2.6
895895,Tunic,Frontpage_Header,Yellow,2.3
907649,Sweatshirt,Display_Ad_Campaign,Yellow,3.4
705758,T-Shirt,Frontpage_Header,Multi-Color,3.3
952003,Tunic,Catalog,Brown,4.1
788948,Polo-Shirt,Catalog,Pink,4.4
682941,Hoodie,Category_Highlight,White,4.0
603322,Blouse,Catalog,Pink,4.2
921618,T-Shirt,Category_Highlight,Yellow,4.9
308473,Polo-Shirt,Catalog,Pink,3.4
906890,Blouse,Frontpage_Header,Blue,3.9
734074,Polo-Shirt,Catalog,Multi-Color,2.7
407123,Sweatshirt,Display_Ad_Campaign,Red,2.5
576844,Sweatshirt,Display_Ad_Campaign,White,5.4
307519,Polo-Shirt,Catalog,Brown,3.4
860450,T-Shirt,Category_Highlight,Multi-Color,4.6
669357,T-Shirt,Catalog,Multi-Color,1.3
288613,Sweatshirt,Catalog,Blue,3.2
702584,Blouse,Frontpage_Header,Multi-Color,2.1
715252,Hoodie,Catalog,Yellow,2.6
726799,Sweatshirt,Catalog,Green,3.8
426264,Sweatshirt,Frontpage_Header,Green,2.8
216806,Blouse,Category_Highlight,Blue,2.6
373270,Polo-Shirt,Catalog,Pink,4.1
263267,Sweatshirt,Catalog,Black,4.7
986909,T-Shirt,Category_Highlight,Black,3.9
839329,Tunic,Category_Highlight,Multi-Color,3.3
110136,Hoodie,Catalog,Orange,3.2
885847,Hoodie,Catalog,Pink,3.8
121501,Polo-Shirt,Catalog,Black,1.3
127872,Sweatshirt,Display_Ad_Campaign,Blue,3.5
677501,Tunic,Category_Highlight,White,4.6
511730,Polo-Shirt,Category_Highlight,Orange,2.7
896612,Sweatshirt,Catalog,Blue,3.4
171139,Polo-Shirt,Catalog,Pink,3.3
159966,Tunic,Catalog,Yellow,2.4
445284,T-Shirt,Category_Highlight,Black,3.2
926931,Polo-Shirt,Category_Highlight,Brown,4.2
759122,Blouse,Catalog,Yellow,4.1
422870,Polo-Shirt,Display_Ad_Campaign,Yellow,4.4
414934,T-Shirt,Category_Highlight,Green,4.6
659096,T-Shirt,Category_Highlight,White,2.9
343186,Hoodie,Category_Highlight,Multi-Color,2.0
163360,T-Shirt,Category_Highlight,Yellow,4.1
363633,T-Shirt,Display_Ad_Campaign,Orange,4.6
692356,T-Shirt,Catalog,Black,3.0
161184,Tunic,Catalog,Black,5.2
189438,Blouse,Frontpage_Header,Blue,3.2
198452,Sweatshirt,Catalog,Multi-Color,1.8
257890,Blouse,Category_Highlight,Multi-Color,2.7
981410,Tunic,Catalog,Brown,2.1
567321,Tunic,Display_Ad_Campaign,Multi-Color,4.5
829087,Blouse,Display_Ad_Campaign,Blue,5.2
129588,Sweatshirt,Frontpage_Header,Red,1.9
974916,T-Shirt,Frontpage_Header,Multi-Color,3.9
607542,Tunic,Category_Highlight,Yellow,2.7
905973,Polo-Shirt,Catalog,Multi-Color,3.1
229952,Blouse,Category_Highlight,Blue,2.1
624415,T-Shirt,Frontpage_Header,Yellow,3.7
575863,Tunic,Frontpage_Header,Multi-Color,2.9
851828,Polo-Shirt,Category_Highlight,Orange,2.2
544491,Sweatshirt,Catalog,Red,1.6
362976,Hoodie,Category_Highlight,White,4.4
246001,Sweatshirt,Frontpage_Header,Blue,3.2
792553,T-Shirt,Catalog,Multi-Color,2.2
978367,Tunic,Display_Ad_Campaign,Black,2.9
554395,Blouse,Display_Ad_Campaign,Red,3.7
684630,T-Shirt,Catalog,Black,3.8
267971,Tunic,Display_Ad_Campaign,Green,2.4
301184,Polo-Shirt,Category_Highlight,Brown,4.2
675740,Tunic,Catalog,Yellow,4.3
328560,Tunic,Frontpage_Header,White,3.8
354180,Sweatshirt,Catalog,Multi-Color,2.8
272082,Blouse,Frontpage_Header,Multi-Color,2.8
367303,T-Shirt,Category_Highlight,Yellow,4.7
622855,Sweatshirt,Catalog,Black,5.2
570105,Tunic,Category_Highlight,Red,3.4
415278,T-Shirt,Category_Highlight,Green,4.7
113913,T-Shirt,Frontpage_Header,Multi-Color,4.0
968974,Hoodie,Catalog,Yellow,2.7
214941,T-Shirt,Frontpage_Header,Multi-Color,4.3
447730,Polo-Shirt,Frontpage_Header,Orange,2.5
399298,Polo-Shirt,Category_Highlight,Blue,3.2
838930,Polo-Shirt,Catalog,Brown,3.9
317549,Sweatshirt,Frontpage_Header,Blue,3.6
555034,Blouse,Category_Highlight,Multi-Color,3.2
694099,Tunic,Catalog,Pink,4.1
135698,T-Shirt,Frontpage_Header,Multi-Color,4.5
382882,Polo-Shirt,Catalog,Pink,4.0
550941,Tunic,Frontpage_Header,Blue,3.3
168291,T-Shirt,Category_Highlight,Yellow,4.1
524534,Tunic,Category_Highlight,Green,3.7
870896,Blouse,Frontpage_Header,Multi-Color,2.1
493363,T-Shirt,Display_Ad_Campaign,Blue,4.0
251185,Polo-Shirt,Category_Highlight,Brown,3.8
901745,T-Shirt,Category_Highlight,Multi-Color,3.6
780744,Hoodie,Catalog,Red,1.5
372808,Sweatshirt,Category_Highlight,Red,1.3
704487,Polo-Shirt,Catalog,Pink,2.6
317772,Hoodie,Category_Highlight,Orange,3.4
218642,T-Shirt,Category_Highlight,Green,5.2
884160,Sweatshirt,Catalog,Multi-Color,2.3
799174,Sweatshirt,Catalog,Orange,2.1
954564,Polo-Shirt,Catalog,Black,2.2
151278,T-Shirt,Frontpage_Header,Multi-Color,3.0
607051,Polo-Shirt,Frontpage_Header,Green,2.3
550114,Sweatshirt,Catalog,Black,5.2
892267,Blouse,Frontpage_Header,Red,4.5
533919,Tunic,Frontpage_Header,Yellow,2.3
184436,Sweatshirt,Frontpage_Header,Green,2.8
566336,Tunic,Frontpage_Header,Black,4.4
847481,Tunic,Category_Highlight,Yellow,3.1
967980,Polo-Shirt,Frontpage_Header,Orange,1.9
643033,Sweatshirt,Frontpage_Header,Blue,2.5
653909,Polo-Shirt,Category_Highlight,Black,3.6
965887,Tunic,Category_Highlight,Pink,2.5
495820,Sweatshirt,Catalog,Red,2.2
846420,T-Shirt,Catalog,Blue,3.0
160483,T-Shirt,Frontpage_Header,Multi-Color,4.1
853782,Sweatshirt,Category_Highlight,White,4.7
485396,Blouse,Frontpage_Header,Red,4.2
700052,T-Shirt,Catalog,Yellow,4.1
545718,Sweatshirt,Frontpage_Header,Blue,4.0
434435,Polo-Shirt,Catalog,Pink,3.3
378584,Blouse,Frontpage_Header,Blue,3.1
257598,Tunic,Category_Highlight,Red,3.4
779686,Sweatshirt,Catalog,Yellow,3.7
528755,T-Shirt,Display_Ad_Campaign,Black,3.6
796668,Sweatshirt,Frontpage_Header,Multi-Color,2.3
254768,Blouse,Category_Highlight,Blue,2.4
248641,Sweatshirt,Catalog,Orange,3.8
950647,Polo-Shirt,Catalog,Multi-Color,2.5
365198,Blouse,Display_Ad_Campaign,Blue,4.8
380459,Polo-Shirt,Category_Highlight,Orange,2.2
806694,Hoodie,Catalog,Yellow,2.7
132801,Blouse,Frontpage_Header,Red,4.3
846123,T-Shirt,Category_Highlight,Blue,3.0
124948,Polo-Shirt,Frontpage_Header,Green,2.6
353501,Hoodie,Catalog,Yellow,3.5
262457,Tunic,Category_Highlight,Blue,5.7
141547,Tunic,Frontpage_Header,Yellow,2.5
693881,T-Shirt,Category_Highlight,Blue,2.6
553562,Tunic,Display_Ad_Campaign,Red,3.9
421858,Sweatshirt,Display_Ad_Campaign,Orange,4.0
616176,Polo-Shirt,Frontpage_Header,Green,2.7
591295,T-Shirt,Display_Ad_Campaign,Blue,3.3
498364,Sweatshirt,Category_Highlight,Orange,3.5
350624,Polo-Shirt,Catalog,Multi-Color,2.9
300700,Tunic,Catalog,Green,2.8
809350,Blouse,Frontpage_Header,Blue,3.9
836398,Tunic,Catalog,Green,2.2
371973,Tunic,Display_Ad_Campaign,Multi-Color,4.0
130810,T-Shirt,Category_Highlight,Red,4.2
565543,Tunic,Display_Ad_Campaign,Black,2.8
243052,Tunic,Catalog,Multi-Color,4.9
631092,Sweatshirt,Display_Ad_Campaign,Orange,4.5
173648,Hoodie,Display_Ad_Campaign,Orange,5.2
824617,Tunic,Catalog,Yellow,3.1
714309,Blouse,Frontpage_Header,Red,4.1
188675,Polo-Shirt,Catalog,Yellow,3.1
983756,Polo-Shirt,Catalog,Green,3.4
716470,Sweatshirt,Category_Highlight,Red,1.1
263887,Tunic,Display_Ad_Campaign,Black,2.5
565211,T-Shirt,Category_Highlight,Multi-Color,4.5
911478,Hoodie,Display_Ad_Campaign,Green,3.8
803074,Sweatshirt,Frontpage_Header,Blue,2.5
670986,Sweatshirt,Frontpage_Header,Green,3.3
967498,Tunic,Category_Highlight,Yellow,3.5
824944,Tunic,Category_Highlight,Green,4.5
186208,Sweatshirt,Catalog,Blue,3.1
600093,Tunic,Category_Highlight,Pink,2.4
799749,Blouse,Frontpage_Header,Red,3.4
251555,T-Shirt,Category_Highlight,Multi-Color,1.7
141897,Hoodie,Display_Ad_Campaign,Yellow,4.9
757471,Tunic,Category_Highlight,Orange,3.4
255970,Polo-Shirt,Category_Highlight,Brown,3.3
746987,Blouse,Display_Ad_Campaign,White,4.6
431465,Tunic,Display_Ad_Campaign,Black,2.6
676381,Tunic,Frontpage_Header,Blue,3.6
815098,Sweatshirt,Catalog,Black,5.3
383208,Hoodie,Display_Ad_Campaign,Black,4.8
466488,Hoodie,Category_Highlight,Brown,3.1
608277,Sweatshirt,Frontpage_Header,Orange,3.3
216383,Tunic,Category_Highlight,Green,4.1
123275,Tunic,Display_Ad_Campaign,Multi-Color,4.5
510053,Polo-Shirt,Frontpage_Header,Yellow,3.1
529473,Polo-Shirt,Category_Highlight,Orange,2.1
865260,Blouse,Frontpage_Header,Red,2.1
731467,Sweatshirt,Catalog,Black,5.1
870990,Hoodie,Catalog,Yellow,2.9
820355,Tunic,Category_Highlight,Multi-Color,2.8
467646,Hoodie,Display_Ad_Campaign,Orange,4.8
900588,Tunic,Frontpage_Header,Blue,4.1
294591,Polo-Shirt,Category_Highlight,Brown,4.1
930914,T-Shirt,Catalog,Multi-Color,2.1
272449,Tunic,Category_Highlight,Black,3.8
686179,T-Shirt,Category_Highlight,Pink,3.9
809523,T-Shirt,Display_Ad_Campaign,Black,4.1
123979,Tunic,Catalog,Yellow,2.6
631487,T-Shirt,Category_Highlight,Blue,2.6
479552,T-Shirt,Catalog,Blue,3.0
979082,Blouse,Frontpage_Header,Multi-Color,5.1
599834,T-Shirt,Catalog,Multi-Color,1.5
110462,Tunic,Category_Highlight,Blue,3.5
453357,Tunic,Display_Ad_Campaign,Blue,2.3
989050,Blouse,Frontpage_Header,Red,4.1
427356,Polo-Shirt,Category_Highlight,Blue,3.6
667305,Sweatshirt,Category_Highlight,Red,1.5
511310,Polo-Shirt,Category_Highlight,Orange,2.0
527218,Tunic,Display_Ad_Campaign,Black,2.6
959222,Tunic,Category_Highlight,Blue,4.1
867782,Polo-Shirt,Category_Highlight,Brown,4.2
252962,Tunic,Category_Highlight,Yellow,2.3
595946,Sweatshirt,Catalog,Multi-Color,2.4
465663,Blouse,Category_Highlight,Multi-Color,4.1
299018,Polo-Shirt,Category_Highlight,Blue,3.1
682213,Tunic,Catalog,Red,3.4
290606,T-Shirt,Display_Ad_Campaign,Black,3.6
364069,Blouse,Category_Highlight,Blue,3.1
855253,Sweatshirt,Display_Ad_Campaign,Orange,4.4
720091,Blouse,Category_Highlight,Blue,3.0
296912,T-Shirt,Catalog,Blue,3.1
500640,Hoodie,Catalog,Green,3.7
524032,Tunic,Catalog,Green,2.5
713344,Blouse,Category_Highlight,Yellow,4.4
557730,Hoodie,Display_Ad_Campaign,Yellow,2.3
369316,Blouse,Frontpage_Header,Black,5.2
103889,T-Shirt,Frontpage_Header,Green,3.8
274130,Tunic,Frontpage_Header,Multi-Color,2.6
692908,Sweatshirt,Frontpage_Header,Yellow,3.1
784382,Hoodie,Display_Ad_Campaign,Yellow,5.5
810170,T-Shirt,Category_Highlight,Blue,2.6
710078,Hoodie,Catalog,Green,3.3
266806,Blouse,Display_Ad_Campaign,Brown,5.1
751954,Polo-Shirt,Display_Ad_Campaign,Pink,4.4
686565,Blouse,Catalog,Yellow,3.2
799565,Blouse,Display_Ad_Campaign,White,5.0
856266,Polo-Shirt,Catalog,Blue,1.5
354233,Polo-Shirt,Catalog,Black,2.3
751917,Sweatshirt,Category_Highlight,Orange,4.2
553766,Polo-Shirt,Category_Highlight,Blue,3.8
728883,Polo-Shirt,Catalog,Yellow,2.6
341847,Sweatshirt,Frontpage_Header,Orange,3.9
436581,Hoodie,Catalog,Yellow,3.3
608244,Sweatshirt,Catalog,Red,1.8
537529,Sweatshirt,Catalog,Orange,4.2
116574,Blouse,Frontpage_Header,Blue,4.0
491871,Sweatshirt,Category_Highlight,Red,1.1
872990,Polo-Shirt,Catalog,Yellow,3.6
289749,Blouse,Display_Ad_Campaign,Brown,5.2
670740,Hoodie,Catalog,Brown,3.7
771433,Blouse,Display_Ad_Campaign,Blue,4.8
944080,Tunic,Catalog,Pink,3.0
262558,Polo-Shirt,Catalog,Blue,5.0
981754,T-Shirt,Frontpage_Header,Yellow,4.9
593241,T-Shirt,Category_Highlight,Green,4.7
883410,Polo-Shirt,Frontpage_Header,Yellow,2.1
975318,Blouse,Category_Highlight,Multi-Color,2.7
331361,Polo-Shirt,Category_Highlight,Multi-Color,2.4
792274,T-Shirt,Category_Highlight,Green,5.0
294181,Blouse,Frontpage_Header,Black,4.8
874519,Polo-Shirt,Category_Highlight,Brown,3.8
308551,Hoodie,Catalog,Red,2.2
217989,Blouse,Frontpage_Header,Multi-Color,2.2
206399,Polo-Shirt,Catalog,Green,3.7
262306,Tunic,Display_Ad_Campaign,Black,3.2
919060,Hoodie,Category_Highlight,Red,1.7
385060,Polo-Shirt,Category_Highlight,Blue,3.3
864544,Sweatshirt,Frontpage_Header,Pink,3.7
346946,T-Shirt,Frontpage_Header,Yellow,4.2
377817,Polo-Shirt,Frontpage_Header,White,4.0
470417,Polo-Shirt,Catalog,Multi-Color,2.8
407996,Tunic,Display_Ad_Campaign,Black,2.9
227353,Blouse,Catalog,Yellow,3.6
386097,Hoodie,Catalog,Brown,4.3
287066,Polo-Shirt,Category_Highlight,Pink,2.4
974811,Polo-Shirt,Frontpage_Header,Green,2.9
552609,Sweatshirt,Frontpage_Header,Yellow,3.5
362025,Tunic,Frontpage_Header,White,3.2
693272,T-Shirt,Category_Highlight,Multi-Color,3.6
182695,T-Shirt,Category_Highlight,Pink,4.3
131930,Polo-Shirt,Category_Highlight,Multi-Color,2.2
321263,Hoodie,Catalog,Red,2.8
807491,Polo-Shirt,Catalog,Blue,4.8
224047,Sweatshirt,Frontpage_Header,Blue,3.3
582507,T-Shirt,Frontpage_Header,Multi-Color,4.4
413228,Tunic,Category_Highlight,Multi-Color,3.4
975746,Blouse,Category_Highlight,Blue,2.2
647659,T-Shirt,Frontpage_Header,Red,2.3
117726,Polo-Shirt,Frontpage_Header,Blue,3.2
978982,Tunic,Category_Highlight,Multi-Color,4.0
851233,Sweatshirt,Display_Ad_Campaign,Blue,3.0
713723,Polo-Shirt,Catalog,Pink,3.7
354402,Blouse,Frontpage_Header,Multi-Color,1.6
126530,T-Shirt,Frontpage_Header,Yellow,4.7
753756,Polo-Shirt,Catalog,Yellow,3.9
712401,Hoodie,Catalog,Multi-Color,2.3
951367,Sweatshirt,Catalog,Multi-Color,1.9
939119,Polo-Shirt,Catalog,Green,3.6
135197,Tunic,Catalog,Green,2.6
384254,T-Shirt,Display_Ad_Campaign,White,4.7
705330,Sweatshirt,Display_Ad_Campaign,Black,5.0
238462,Tunic,Frontpage_Header,Blue,3.2
916861,T-Shirt,Category_Highlight,Black,3.0
347527,Sweatshirt,Display_Ad_Campaign,Orange,3.4
909377,Sweatshirt,Catalog,Green,3.5
922558,Hoodie,Catalog,Orange,3.2
967421,Sweatshirt,Catalog,Orange,4.0
371483,Tunic,Category_Highlight,Brown,3.6
567147,Blouse,Frontpage_Header,Blue,3.9
122055,Blouse,Frontpage_Header,Black,4.7
753320,Sweatshirt,Frontpage_Header,White,2.9
571546,Tunic,Frontpage_Header,Brown,4.0
413247,Blouse,Category_Highlight,Orange,4.4
851785,Tunic,Frontpage_Header,Multi-Color,2.9
144950,T-Shirt,Catalog,Black,4.2
824591,Sweatshirt,Catalog,Black,4.4
328383,T-Shirt,Catalog,Black,3.0
703078,Blouse,Frontpage_Header,Multi-Color,4.4
515252,Sweatshirt,Frontpage_Header,Black,3.0
725341,T-Shirt,Category_Highlight,Yellow,3.8
774909,Tunic,Category_Highlight,Brown,4.1
236404,T-Shirt,Catalog,Black,4.2
551314,Hoodie,Catalog,Multi-Color,2.0
220749,Sweatshirt,Frontpage_Header,Pink,3.5
216415,Sweatshirt,Category_Highlight,Red,1.8
314673,Polo-Shirt,Category_Highlight,Black,5.4
492258,Hoodie,Catalog,Green,3.2
960154,Sweatshirt,Category_Highlight,Red,1.7
286178,Sweatshirt,Catalog,Black,4.8
274230,Hoodie,Catalog,Green,4.0
341736,Blouse,Display_Ad_Campaign,Brown,4.7
407849,T-Shirt,Category_Highlight,Green,4.9
702278,Polo-Shirt,Catalog,Orange,2.9
439347,Sweatshirt,Catalog,Orange,4.5
838953,Sweatshirt,Category_Highlight,Multi-Color,0.9
968548,Polo-Shirt,Catalog,Yellow,4.2
583978,Tunic,Display_Ad_Campaign,Multi-Color,4.2
904409,Polo-Shirt,Category_Highlight,Blue,2.2
172144,Sweatshirt,Display_Ad_Campaign,White,3.9
682389,Tunic,Catalog,Black,2.9
479567,Blouse,Category_Highlight,Green,4.7
537409,Hoodie,Catalog,Orange,3.1
223282,Tunic,Category_Highlight,Yellow,2.4
673745,Polo-Shirt,Frontpage_Header,Pink,2.8
342727,Tunic,Frontpage_Header,Brown,3.7
659604,Sweatshirt,Display_Ad_Campaign,White,3.6
752908,T-Shirt,Frontpage_Header,Red,2.7
602991,T-Shirt,Category_Highlight,Yellow,4.7
420092,Sweatshirt,Catalog,Pink,4.5
926266,T-Shirt,Category_Highlight,Multi-Color,3.2
255815,Tunic,Display_Ad_Campaign,Black,2.8
684429,Blouse,Category_Highlight,Pink,3.6
497281,T-Shirt,Catalog,Red,4.3
107792,Polo-Shirt,Catalog,Pink,3.4
453982,Tunic,Display_Ad_Campaign,Red,4.2
649342,Tunic,Frontpage_Header,Blue,3.0
302661,Tunic,Catalog,Multi-Color,2.6
303796,T-Shirt,Category_Highlight,Black,3.6
813013,T-Shirt,Category_Highlight,Yellow,3.4
280446,Tunic,Frontpage_Header,Yellow,2.4
653519,Polo-Shirt,Category_Highlight,Multi-Color,3.1
368455,Polo-Shirt,Category_Highlight,White,4.7
420069,Polo-Shirt,Catalog,Yellow,3.3
731819,T-Shirt,Category_Highlight,Yellow,3.1
667395,Hoodie,Category_Highlight,White,4.3
731806,Tunic,Display_Ad_Campaign,Multi-Color,4.4
905142,Polo-Shirt,Catalog,Yellow,2.8
827455,Sweatshirt,Frontpage_Header,Blue,3.2
322843,Polo-Shirt,Category_Highlight,Red,3.2
751306,T-Shirt,Frontpage_Header,Multi-Color,4.1
554297,Hoodie,Display_Ad_Campaign,Yellow,3.4
634433,T-Shirt,Frontpage_Header,Yellow,4.8
942976,Sweatshirt,Category_Highlight,Orange,4.5
506769,Sweatshirt,Catalog,Multi-Color,2.8
333010,Sweatshirt,Display_Ad_Campaign,Orange,4.6
409249,T-Shirt,Category_Highlight,Yellow,4.1
362031,Blouse,Category_Highlight,Black,4.5
167937,Polo-Shirt,Catalog,Yellow,3.6
161866,Sweatshirt,Category_Highlight,Blue,2.7
761566,Polo-Shirt,Catalog,Yellow,3.8
700086,Tunic,Display_Ad_Campaign,Multi-Color,4.3
244609,Sweatshirt,Catalog,Orange,3.3
118498,Sweatshirt,Frontpage_Header,Green,2.9
122595,T-Shirt,Frontpage_Header,Blue,4.8
655509,Hoodie,Catalog,Red,1.6
950182,Tunic,Display_Ad_Campaign,Black,2.3
768622,T-Shirt,Frontpage_Header,Multi-Color,4.4
843949,Hoodie,Category_Highlight,Orange,2.7
622323,Blouse,Frontpage_Header,Blue,3.4
305459,Tunic,Display_Ad_Campaign,Multi-Color,4.5
746340,Blouse,Catalog,Multi-Color,1.5
934819,T-Shirt,Display_Ad_Campaign,Black,4.2
291969,Blouse,Frontpage_Header,Orange,4.8
561098,Tunic,Category_Highlight,Brown,4.0
984291,Hoodie,Catalog,Green,3.5
740316,Hoodie,Catalog,Brown,4.5
439197,T-Shirt,Category_Highlight,Yellow,5.0
266503,Hoodie,Catalog,Black,4.6
870143,T-Shirt,Catalog,Black,3.0
975319,T-Shirt,Category_Highlight,Blue,2.6
111288,Polo-Shirt,Catalog,Multi-Color,3.1
893926,Tunic,Frontpage_Header,Black,3.2
760217,Sweatshirt,Catalog,Pink,4.1
180979,Tunic,Category_Highlight,Blue,4.0
887167,Blouse,Frontpage_Header,Blue,2.5
597240,Polo-Shirt,Catalog,Blue,2.4
714631,T-Shirt,Display_Ad_Campaign,Brown,5.0
142981,Blouse,Category_Highlight,Yellow,3.7
555607,Hoodie,Category_Highlight,Green,4.3
683666,Polo-Shirt,Frontpage_Header,Yellow,2.1
820291,Blouse,Frontpage_Header,Black,3.7
323097,Sweatshirt,Catalog,Multi-Color,2.3
785545,Hoodie,Catalog,Yellow,3.1
939638,Sweatshirt,Frontpage_Header,Blue,3.5
241966,Tunic,Category_Highlight,Multi-Color,3.3
208234,Blouse,Frontpage_Header,Red,4.8
532488,Polo-Shirt,Catalog,Brown,3.7
559061,Blouse,Frontpage_Header,Multi-Color,3.0
219147,T-Shirt,Frontpage_Header,Red,4.6
954339,T-Shirt,Display_Ad_Campaign,Black,3.8
195984,Sweatshirt,Category_Highlight,Green,3.3
955624,Tunic,Category_Highlight,Red,2.9
298425,T-Shirt,Catalog,Red,1.8
481777,Sweatshirt,Category_Highlight,White,2.8
910071,Blouse,Frontpage_Header,Multi-Color,2.9
878953,Hoodie,Category_Highlight,Orange,3.4
777663,Tunic,Category_Highlight,Blue,4.7
352465,T-Shirt,Category_Highlight,Green,4.6
547655,Tunic,Category_Highlight,Green,4.2
116555,Blouse,Frontpage_Header,Black,5.1
905559,Polo-Shirt,Category_Highlight,Orange,2.2
109672,Hoodie,Category_Highlight,Green,3.3
901013,Blouse,Display_Ad_Campaign,White,3.8
334863,Hoodie,Category_Highlight,White,5.4
274532,Polo-Shirt,Frontpage_Header,Brown,2.9
260746,Sweatshirt,Display_Ad_Campaign,Multi-Color,2.3
956420,Sweatshirt,Display_Ad_Campaign,Orange,4.2
739073,T-Shirt,Catalog,Multi-Color,2.2
835202,Tunic,Catalog,Brown,2.3
540656,Polo-Shirt,Catalog,Blue,3.2
371561,Tunic,Display_Ad_Campaign,Green,2.4
430040,Sweatshirt,Catalog,Red,1.3
641024,Hoodie,Catalog,Orange,3.1
841656,Hoodie,Category_Highlight,White,4.2
124750,T-Shirt,Frontpage_Header,Yellow,4.1
760279,Polo-Shirt,Catalog,Blue,3.0
951889,Polo-Shirt,Catalog,Yellow,3.8
817587,Polo-Shirt,Category_Highlight,Yellow,2.4
514669,Tunic,Category_Highlight,Multi-Color,3.0
163039,Hoodie,Catalog,Green,3.4
767703,Tunic,Frontpage_Header,Multi-Color,2.5
142366,Sweatshirt,Display_Ad_Campaign,Orange,5.4
472510,Tunic,Category_Highlight,Multi-Color,3.0
728530,Blouse,Display_Ad_Campaign,Blue,5.4
636374,Sweatshirt,Catalog,Orange,4.0
140442,Polo-Shirt,Catalog,Yellow,3.2
982487,Tunic,Category_Highlight,Yellow,2.5
752279,Blouse,Frontpage_Header,Yellow,5.0
883555,Sweatshirt,Frontpage_Header,Black,5.2
686031,Polo-Shirt,Frontpage_Header,Brown,3.1
779464,Sweatshirt,Catalog,Multi-Color,3.1
918041,Polo-Shirt,Category_Highlight,Brown,4.2
435394,Hoodie,Category_Highlight,Multi-Color,1.2
190097,Sweatshirt,Catalog,Black,4.9
316234,Polo-Shirt,Category_Highlight,Yellow,3.8
349749,Polo-Shirt,Category_Highlight,Blue,3.4
910786,Tunic,Display_Ad_Campaign,Black,3.3
392986,Polo-Shirt,Category_Highlight,Blue,3.5
659386,Polo-Shirt,Category_Highlight,Orange,2.2
265638,Hoodie,Frontpage_Header,Blue,3.8
130603,T-Shirt,Category_Highlight,Blue,4.1
338159,Hoodie,Category_Highlight,White,4.2
815232,Hoodie,Category_Highlight,Brown,3.6
965918,Hoodie,Display_Ad_Campaign,Orange,4.8
405944,Blouse,Frontpage_Header,Multi-Color,3.8
942356,Polo-Shirt,Catalog,Blue,1.3
173957,Polo-Shirt,Category_Highlight,Yellow,3.1
102591,Sweatshirt,Frontpage_Header,Green,3.4
269351,T-Shirt,Frontpage_Header,Multi-Color,3.3
131642,Tunic,Frontpage_Header,Pink,2.5
354481,Polo-Shirt,Frontpage_Header,Green,2.0
501740,Polo-Shirt,Frontpage_Header,Blue,3.7
100023,T-Shirt,Frontpage_Header,Green,4.7
439002,T-Shirt,Category_Highlight,Blue,3.3
172684,Hoodie,Catalog,Yellow,2.8
129270,Tunic,Category_Highlight,White,4.3
349234,Tunic,Display_Ad_Campaign,Multi-Color,3.1
527177,T-Shirt,Category_Highlight,Yellow,4.2
297185,Polo-Shirt,Catalog,Yellow,5.1
310201,T-Shirt,Category_Highlight,Black,3.8
204277,Hoodie,Frontpage_Header,Pink,4.2
106404,Tunic,Category_Highlight,Green,3.5
686054,Sweatshirt,Display_Ad_Campaign,Red,4.7
483885,T-Shirt,Frontpage_Header,Yellow,4.3
707244,Hoodie,Category_Highlight,Green,4.0
407916,Blouse,Catalog,Green,4.1
326838,Polo-Shirt,Catalog,Black,2.6
169361,Blouse,Frontpage_Header,Red,4.5
109754,Blouse,Frontpage_Header,Black,5.5
208687,T-Shirt,Catalog,Black,3.4
705846,Tunic,Catalog,Yellow,2.6
715758,T-Shirt,Display_Ad_Campaign,Black,4.1
279789,T-Shirt,Category_Highlight,Brown,5.5
177852,Tunic,Display_Ad_Campaign,Multi-Color,4.4
328001,Polo-Shirt,Display_Ad_Campaign,Multi-Color,4.1
662837,Polo-Shirt,Catalog,Multi-Color,3.3
707990,Sweatshirt,Category_Highlight,Blue,3.4
396336,Polo-Shirt,Category_Highlight,Pink,2.3
427150,T-Shirt,Catalog,Blue,2.8
501730,Tunic,Category_Highlight,Yellow,3.2
147440,Polo-Shirt,Category_Highlight,Black,3.6
466666,T-Shirt,Catalog,Multi-Color,1.1
169297,Sweatshirt,Display_Ad_Campaign,Black,3.6
488888,T-Shirt,Catalog,Multi-Color,1.2
969651,Sweatshirt,Catalog,Orange,4.1
788885,T-Shirt,Frontpage_Header,Yellow,3.6
164399,T-Shirt,Catalog,Multi-Color,1.8
644702,T-Shirt,Display_Ad_Campaign,Red,4.4
125764,Sweatshirt,Display_Ad_Campaign,Orange,4.3
905422,Tunic,Category_Highlight,Multi-Color,3.5
688951,Blouse,Display_Ad_Campaign,Blue,4.8
560237,Polo-Shirt,Catalog,Pink,3.1
247188,Sweatshirt,Frontpage_Header,Green,3.4
512115,Tunic,Category_Highlight,Green,3.8
472245,Hoodie,Category_Highlight,White,4.5
789744,Polo-Shirt,Frontpage_Header,Blue,3.4
954538,T-Shirt,Display_Ad_Campaign,Black,3.9
557599,T-Shirt,Category_Highlight,Green,5.0
868180,Hoodie,Catalog,Yellow,3.1
981698,Sweatshirt,Catalog,Multi-Color,2.2
556293,T-Shirt,Frontpage_Header,Green,3.4
779583,Sweatshirt,Display_Ad_Campaign,Green,5.4
442101,Blouse,Catalog,Red,2.2
927045,Sweatshirt,Frontpage_Header,Red,3.8
704896,Sweatshirt,Catalog,Multi-Color,1.2
101862,T-Shirt,Frontpage_Header,Multi-Color,4.9
160346,Sweatshirt,Display_Ad_Campaign,Orange,4.2
455264,Polo-Shirt,Category_Highlight,Blue,4.2
588579,Polo-Shirt,Catalog,Pink,3.0
359288,Blouse,Category_Highlight,Blue,2.8
924971,Blouse,Catalog,Pink,3.8
940081,Tunic,Category_Highlight,Multi-Color,3.0
777464,Sweatshirt,Frontpage_Header,Blue,3.3
695831,Polo-Shirt,Frontpage_Header,Green,2.5
234836,T-Shirt,Frontpage_Header,Black,5.0
680138,Tunic,Category_Highlight,Red,3.5
610077,Polo-Shirt,Catalog,Yellow,5.1
820961,T-Shirt,Catalog,Multi-Color,1.1
922967,T-Shirt,Catalog,Blue,3.2
405946,Hoodie,Frontpage_Header,Yellow,2.0
811517,Sweatshirt,Frontpage_Header,Blue,2.2
794233,Tunic,Display_Ad_Campaign,Black,3.1
404201,T-Shirt,Catalog,Multi-Color,1.1
318420,Blouse,Frontpage_Header,Black,4.6
826172,Polo-Shirt,Category_Highlight,White,4.1
775535,Tunic,Display_Ad_Campaign,Green,2.8
822356,Tunic,Catalog,Multi-Color,2.5
729708,Polo-Shirt,Category_Highlight,Multi-Color,2.5
658639,Polo-Shirt,Frontpage_Header,Red,4.1
545734,T-Shirt,Category_Highlight,Multi-Color,3.9
892419,T-Shirt,Catalog,Green,3.9
828781,Blouse,Frontpage_Header,Multi-Color,3.7
202159,Blouse,Frontpage_Header,Black,4.8
374323,Sweatshirt,Catalog,Red,1.8
687111,Sweatshirt,Frontpage_Header,Blue,2.9
956621,T-Shirt,Display_Ad_Campaign,Black,3.9
370494,Hoodie,Catalog,Orange,2.3
853814,Sweatshirt,Category_Highlight,Multi-Color,2.2
806520,Hoodie,Category_Highlight,White,4.1
759870,T-Shirt,Display_Ad_Campaign,Black,3.7
506209,Sweatshirt,Display_Ad_Campaign,Multi-Color,1.9
955450,Hoodie,Category_Highlight,Red,1.3
959400,Polo-Shirt,Display_Ad_Campaign,Yellow,5.6
795866,Polo-Shirt,Display_Ad_Campaign,Black,2.2
790267,Tunic,Category_Highlight,Yellow,2.7
229438,Blouse,Display_Ad_Campaign,Brown,4.9
125678,Blouse,Category_Highlight,Blue,2.6
730931,Polo-Shirt,Category_Highlight,Red,3.7
275537,Polo-Shirt,Display_Ad_Campaign,Yellow,4.9
278365,Hoodie,Catalog,Orange,2.9
974349,T-Shirt,Category_Highlight,Multi-Color,3.4
631762,T-Shirt,Catalog,Yellow,4.1
849440,Sweatshirt,Display_Ad_Campaign,Blue,3.1
350634,Polo-Shirt,Catalog,Yellow,3.6
671308,Polo-Shirt,Display_Ad_Campaign,Blue,1.8
797395,Blouse,Display_Ad_Campaign,White,4.9
118685,Blouse,Frontpage_Header,Red,4.5
526844,Polo-Shirt,Catalog,Multi-Color,3.1
126453,T-Shirt,Category_Highlight,Yellow,4.3
820430,Hoodie,Catalog,Orange,3.8
291003,Sweatshirt,Catalog,Red,1.6
262442,Sweatshirt,Catalog,Red,1.2
154121,Hoodie,Catalog,Green,3.9
795481,T-Shirt,Display_Ad_Campaign,Red,4.6
279260,T-Shirt,Frontpage_Header,Black,4.3
202323,Polo-Shirt,Frontpage_Header,Pink,2.8
164356,T-Shirt,Display_Ad_Campaign,Black,3.5
925303,T-Shirt,Catalog,Yellow,3.9
543217,Sweatshirt,Frontpage_Header,Pink,3.6
289379,Hoodie,Catalog,Yellow,2.9
727625,Hoodie,Catalog,Orange,2.5
512550,Tunic,Frontpage_Header,Multi-Color,2.4
388583,Sweatshirt,Frontpage_Header,Red,1.8
749134,Polo-Shirt,Catalog,Blue,1.9
809302,Hoodie,Catalog,Yellow,2.5
565179,T-Shirt,Category_Highlight,Yellow,3.8
461251,T-Shirt,Catalog,Black,3.9
824124,Sweatshirt,Catalog,Orange,4.2
372146,Sweatshirt,Catalog,Multi-Color,2.6
588144,Tunic,Frontpage_Header,Multi-Color,3.1
449775,Hoodie,Category_Highlight,Blue,2.4
897269,Sweatshirt,Catalog,Pink,3.7
388781,Tunic,Frontpage_Header,Multi-Color,2.8
461805,Sweatshirt,Catalog,Multi-Color,2.9
598663,Tunic,Category_Highlight,Blue,4.6
643182,Hoodie,Catalog,Green,3.9
430479,T-Shirt,Catalog,Yellow,4.5
551741,Tunic,Category_Highlight,Multi-Color,3.1
540320,Polo-Shirt,Category_Highlight,Green,2.8
697963,Hoodie,Category_Highlight,Multi-Color,3.5
878528,Blouse,Display_Ad_Campaign,Blue,5.0
720364,T-Shirt,Frontpage_Header,Blue,3.0
669211,Sweatshirt,Category_Highlight,Red,1.5
652911,T-Shirt,Frontpage_Header,Yellow,4.4
489615,Tunic,Category_Highlight,Brown,3.7
356019,Blouse,Frontpage_Header,Red,4.3
508487,T-Shirt,Catalog,Black,3.8
407571,T-Shirt,Display_Ad_Campaign,Orange,4.8
168757,Tunic,Display_Ad_Campaign,Blue,1.8
446127,Sweatshirt,Catalog,Orange,4.5
958825,T-Shirt,Catalog,Multi-Color,2.0
607032,Blouse,Category_Highlight,Black,3.3
309827,Tunic,Catalog,Brown,4.7
961094,Polo-Shirt,Category_Highlight,White,3.6
502714,Sweatshirt,Catalog,Multi-Color,1.7
232125,Blouse,Frontpage_Header,Blue,3.6
231179,Polo-Shirt,Frontpage_Header,White,4.2
259052,Sweatshirt,Category_Highlight,Red,1.0
670736,Sweatshirt,Display_Ad_Campaign,Blue,3.5
816541,Hoodie,Catalog,Green,3.6
349572,T-Shirt,Catalog,Red,0.8
603014,Polo-Shirt,Catalog,Brown,3.4
102888,Sweatshirt,Display_Ad_Campaign,White,2.9
195233,Sweatshirt,Display_Ad_Campaign,Orange,4.2
167148,Polo-Shirt,Catalog,Blue,2.4
348211,Sweatshirt,Display_Ad_Campaign,White,4.6
713763,Sweatshirt,Display_Ad_Campaign,Red,1.8
571627,T-Shirt,Catalog,Black,2.8
900507,Tunic,Category_Highlight,Yellow,2.5
262176,T-Shirt,Category_Highlight,Green,4.2
147597,Tunic,Display_Ad_Campaign,Blue,3.0
943072,Blouse,Catalog,Red,2.6
956174,Blouse,Catalog,Yellow,3.4
650114,Tunic,Category_Highlight,Brown,4.4
420441,Hoodie,Category_Highlight,White,4.5
899741,Tunic,Category_Highlight,Multi-Color,2.0
163217,T-Shirt,Category_Highlight,Yellow,3.8
254925,Blouse,Frontpage_Header,Multi-Color,4.4
263643,Blouse,Catalog,Yellow,4.7
359915,T-Shirt,Category_Highlight,Multi-Color,3.7
515715,T-Shirt,Category_Highlight,Red,3.5
958723,Polo-Shirt,Catalog,Blue,1.6
377039,Hoodie,Catalog,Orange,2.9
351509,Hoodie,Catalog,Orange,2.9
783171,Blouse,Frontpage_Header,Black,5.5
589986,Sweatshirt,Catalog,Red,1.7
483604,Sweatshirt,Catalog,Blue,5.2
267985,Polo-Shirt,Frontpage_Header,Pink,2.4
460740,Blouse,Frontpage_Header,Red,3.8
121486,Polo-Shirt,Catalog,Blue,2.1
517401,Blouse,Display_Ad_Campaign,Brown,5.5
472838,Hoodie,Category_Highlight,Orange,2.7
972316,Hoodie,Category_Highlight,Pink,3.4
789992,T-Shirt,Frontpage_Header,Multi-Color,4.7
269806,Tunic,Category_Highlight,Yellow,2.5
102301,Polo-Shirt,Category_Highlight,White,4.4
702085,Hoodie,Catalog,White,5.0
498440,Blouse,Catalog,Black,2.1
347316,Hoodie,Display_Ad_Campaign,Yellow,3.8
479332,Polo-Shirt,Category_Highlight,Brown,3.9
888144,T-Shirt,Display_Ad_Campaign,Black,4.2
233065,Sweatshirt,Frontpage_Header,Green,3.3
126756,Tunic,Frontpage_Header,Black,3.2
158805,Polo-Shirt,Display_Ad_Campaign,Yellow,5.1
376303,T-Shirt,Catalog,Orange,1.6
369021,Sweatshirt,Display_Ad_Campaign,Blue,3.2
634815,Tunic,Frontpage_Header,Blue,3.3
424501,Hoodie,Category_Highlight,Black,3.6
276642,Polo-Shirt,Catalog,Green,2.3
308842,Blouse,Display_Ad_Campaign,Brown,4.8
639569,T-Shirt,Category_Highlight,Multi-Color,3.3
436686,T-Shirt,Category_Highlight,Multi-Color,3.4
178616,T-Shirt,Frontpage_Header,Yellow,5.3
208500,Tunic,Display_Ad_Campaign,Black,2.5
527901,Blouse,Frontpage_Header,Black,4.8
960761,Blouse,Display_Ad_Campaign,White,5.1
926116,Polo-Shirt,Category_Highlight,Blue,4.3
331170,Blouse,Frontpage_Header,Multi-Color,2.9
736568,T-Shirt,Category_Highlight,Brown,4.3
109191,Polo-Shirt,Category_Highlight,Yellow,3.6
864121,T-Shirt,Frontpage_Header,Multi-Color,4.4
283948,Hoodie,Category_Highlight,Brown,4.5
807364,Sweatshirt,Catalog,Pink,4.3
576664,Tunic,Category_Highlight,Brown,4.1
837034,T-Shirt,Catalog,Multi-Color,1.6
564456,Tunic,Category_Highlight,Blue,3.3
178587,Sweatshirt,Display_Ad_Campaign,Black,5.0
212320,T-Shirt,Category_Highlight,Pink,3.8
810966,T-Shirt,Catalog,Red,1.2
591127,Polo-Shirt,Catalog,White,2.2
150446,T-Shirt,Category_Highlight,Yellow,4.0
706703,Sweatshirt,Catalog,Orange,4.8
126460,T-Shirt,Catalog,Multi-Color,1.7
770479,Sweatshirt,Frontpage_Header,Green,2.3
603383,Tunic,Frontpage_Header,White,3.3
355812,Polo-Shirt,Category_Highlight,Blue,3.8
809416,Polo-Shirt,Category_Highlight,Multi-Color,3.0
382675,Tunic,Display_Ad_Campaign,Black,3.0
421705,Hoodie,Category_Highlight,Multi-Color,2.4
891095,Sweatshirt,Frontpage_Header,Pink,3.5
549869,Blouse,Catalog,Pink,4.3
368488,T-Shirt,Category_Highlight,Multi-Color,3.2
511387,Polo-Shirt,Display_Ad_Campaign,Yellow,5.2
179359,Sweatshirt,Display_Ad_Campaign,Multi-Color,3.1
706280,Blouse,Catalog,Black,4.8
726483,Blouse,Frontpage_Header,White,3.0
567157,Hoodie,Display_Ad_Campaign,Green,3.7
696497,Sweatshirt,Catalog,Black,4.6
500944,Sweatshirt,Frontpage_Header,Pink,2.9
746179,Tunic,Display_Ad_Campaign,Multi-Color,3.9
761926,T-Shirt,Category_Highlight,Green,4.8
564617,Blouse,Catalog,Yellow,4.0
666165,Sweatshirt,Display_Ad_Campaign,Pink,4.9
552817,Polo-Shirt,Catalog,Pink,3.2
811861,T-Shirt,Display_Ad_Campaign,Black,3.4
630622,Blouse,Display_Ad_Campaign,Blue,5.2
378637,T-Shirt,Display_Ad_Campaign,Black,3.7
889389,T-Shirt,Frontpage_Header,Blue,4.0
869712,Sweatshirt,Frontpage_Header,Pink,3.2
712332,Polo-Shirt,Catalog,Orange,3.6
970545,Polo-Shirt,Frontpage_Header,Brown,2.8
605766,Sweatshirt,Frontpage_Header,Red,4.4
972963,T-Shirt,Category_Highlight,Yellow,3.7
732929,T-Shirt,Catalog,Black,2.8
389890,Sweatshirt,Catalog,Orange,3.9
817726,Tunic,Display_Ad_Campaign,Black,2.5
959694,Polo-Shirt,Category_Highlight,Red,2.7
268194,Sweatshirt,Frontpage_Header,Yellow,3.5
597846,Sweatshirt,Display_Ad_Campaign,Orange,5.3
320568,Polo-Shirt,Category_Highlight,Blue,3.7
960079,Blouse,Frontpage_Header,Blue,3.7
921479,Hoodie,Catalog,Yellow,2.5
140039,Hoodie,Frontpage_Header,Green,4.2
324985,Sweatshirt,Catalog,Red,4.5
858909,Blouse,Display_Ad_Campaign,Yellow,2.8
206341,Polo-Shirt,Catalog,Pink,3.1
240528,Polo-Shirt,Display_Ad_Campaign,Yellow,3.1
305858,Tunic,Frontpage_Header,Blue,3.8
528841,T-Shirt,Frontpage_Header,Multi-Color,4.5
805707,Hoodie,Catalog,Pink,2.1
546901,T-Shirt,Frontpage_Header,Yellow,4.8
267230,T-Shirt,Category_Highlight,Green,5.0
860865,Polo-Shirt,Frontpage_Header,Yellow,2.9
896530,Hoodie,Category_Highlight,White,4.9
242926,Tunic,Category_Highlight,Multi-Color,3.2
497234,Sweatshirt,Frontpage_Header,Green,2.3
593477,Sweatshirt,Display_Ad_Campaign,White,3.2
673074,Sweatshirt,Catalog,Black,5.1
343705,Sweatshirt,Frontpage_Header,Green,3.6
149073,Tunic,Frontpage_Header,Brown,3.2
237726,Sweatshirt,Catalog,Black,5.6
423148,Blouse,Display_Ad_Campaign,Blue,5.6
658851,Hoodie,Category_Highlight,White,4.0
504547,Tunic,Frontpage_Header,Multi-Color,3.2
505490,Tunic,Category_Highlight,Brown,4.1
565863,T-Shirt,Display_Ad_Campaign,Black,3.4
263049,Sweatshirt,Display_Ad_Campaign,Red,2.1
804869,Tunic,Display_Ad_Campaign,Multi-Color,4.2
696906,Blouse,Frontpage_Header,Blue,3.4
418762,Polo-Shirt,Display_Ad_Campaign,Yellow,3.4
785036,Blouse,Category_Highlight,Red,0.9
187433,Blouse,Frontpage_Header,Black,5.3
141834,T-Shirt,Frontpage_Header,Black,4.4
757086,Sweatshirt,Catalog,Black,4.4
514145,Sweatshirt,Category_Highlight,Red,1.0
834188,Polo-Shirt,Category_Highlight,Blue,2.9
988915,T-Shirt,Catalog,Green,5.4
882222,Polo-Shirt,Display_Ad_Campaign,Green,4.9
641885,Hoodie,Category_Highlight,Brown,3.5
141533,Tunic,Frontpage_Header,Multi-Color,3.2
227396,Blouse,Catalog,Multi-Color,2.5
341833,Tunic,Category_Highlight,Multi-Color,3.2
878188,T-Shirt,Category_Highlight,Yellow,4.5
693962,Tunic,Frontpage_Header,Yellow,3.2
669001,Blouse,Display_Ad_Campaign,Brown,4.9
829405,Tunic,Display_Ad_Campaign,Multi-Color,4.4
636081,Sweatshirt,Catalog,Black,5.3
226926,Tunic,Display_Ad_Campaign,Black,2.5
263827,Polo-Shirt,Frontpage_Header,Green,3.1
816812,Hoodie,Category_Highlight,Blue,3.5
249760,Hoodie,Catalog,Pink,4.7
731758,Polo-Shirt,Frontpage_Header,Blue,3.8
841817,T-Shirt,Category_Highlight,Green,4.9
625405,Tunic,Category_Highlight,Orange,2.9
813064,T-Shirt,Display_Ad_Campaign,Black,3.3
293015,Tunic,Frontpage_Header,Blue,3.5
432211,Hoodie,Catalog,Black,5.1
169377,Tunic,Catalog,Multi-Color,3.4
459538,Hoodie,Catalog,Red,3.5
574813,Polo-Shirt,Category_Highlight,Orange,2.3
543161,Sweatshirt,Display_Ad_Campaign,Orange,4.1
276660,Polo-Shirt,Catalog,Multi-Color,4.0
268934,T-Shirt,Category_Highlight,Green,5.1
239795,Sweatshirt,Category_Highlight,Red,2.0
171787,Sweatshirt,Category_Highlight,Red,1.5
467257,Tunic,Frontpage_Header,Red,3.8
935644,T-Shirt,Catalog,Red,4.4
398066,Polo-Shirt,Catalog,Yellow,4.5
219822,Polo-Shirt,Catalog,Orange,2.7
288881,T-Shirt,Category_Highlight,Black,3.3
749860,T-Shirt,Catalog,Red,4.1
970078,Hoodie,Catalog,Green,3.4
750995,Polo-Shirt,Category_Highlight,Blue,2.1
693467,T-Shirt,Display_Ad_Campaign,Black,3.8
941674,Tunic,Frontpage_Header,Multi-Color,2.8
554567,Tunic,Category_Highlight,Yellow,2.8
872513,Blouse,Category_Highlight,Yellow,4.7
321380,Blouse,Catalog,Red,4.1
611889,T-Shirt,Frontpage_Header,Multi-Color,4.2
199415,Sweatshirt,Frontpage_Header,Black,3.3
397272,Blouse,Category_Highlight,Blue,2.9
900893,T-Shirt,Category_Highlight,Multi-Color,3.7
496867,Sweatshirt,Catalog,Multi-Color,2.0
292834,Polo-Shirt,Category_Highlight,Orange,1.6
296508,Polo-Shirt,Category_Highlight,Orange,2.7
836655,Blouse,Frontpage_Header,Blue,2.6
411428,Polo-Shirt,Category_Highlight,Brown,3.8
932389,Blouse,Category_Highlight,Multi-Color,1.9
640134,Polo-Shirt,Catalog,White,2.1
905451,T-Shirt,Frontpage_Header,Yellow,4.3
172206,Hoodie,Catalog,Orange,2.3
641516,Tunic,Frontpage_Header,White,1.7
409637,Tunic,Catalog,Green,3.2
274539,T-Shirt,Category_Highlight,Multi-Color,1.6
643055,T-Shirt,Category_Highlight,Yellow,3.5
868521,T-Shirt,Category_Highlight,Green,5.6
413988,Blouse,Display_Ad_Campaign,Blue,5.4
150322,Tunic,Frontpage_Header,Multi-Color,3.0
415864,T-Shirt,Frontpage_Header,Yellow,4.4
124144,Polo-Shirt,Catalog,Pink,3.4
489808,Sweatshirt,Catalog,Red,2.3
654097,T-Shirt,Catalog,Black,3.4
168681,Hoodie,Catalog,Blue,1.9
248588,Tunic,Category_Highlight,Red,3.5
252425,Sweatshirt,Frontpage_Header,Green,2.6
877006,T-Shirt,Catalog,Black,4.0
218918,Tunic,Frontpage_Header,Multi-Color,3.6
555864,Blouse,Frontpage_Header,Blue,4.1
411725,Tunic,Category_Highlight,Brown,3.8
609216,Polo-Shirt,Category_Highlight,Blue,3.6
254127,Tunic,Display_Ad_Campaign,Black,2.6
689797,Blouse,Display_Ad_Campaign,Brown,4.7
647071,Blouse,Frontpage_Header,Black,3.3
125705,Hoodie,Category_Highlight,Yellow,2.8
547406,T-Shirt,Catalog,Blue,3.3
644815,Blouse,Frontpage_Header,Multi-Color,2.8
794627,Tunic,Frontpage_Header,Black,3.0
338800,T-Shirt,Catalog,Blue,3.1
173433,Tunic,Category_Highlight,Green,3.6
762971,Blouse,Category_Highlight,Multi-Color,3.3
855218,Blouse,Frontpage_Header,Black,5.2
688956,Polo-Shirt,Category_Highlight,Multi-Color,3.2
764713,Hoodie,Catalog,Yellow,3.3
606544,T-Shirt,Display_Ad_Campaign,Black,3.7
145790,Polo-Shirt,Display_Ad_Campaign,Yellow,3.8
818120,Polo-Shirt,Category_Highlight,Orange,2.9
247162,Sweatshirt,Frontpage_Header,Green,3.3
200561,Polo-Shirt,Display_Ad_Campaign,Yellow,4.5
199814,Tunic,Category_Highlight,Red,3.6
617108,Sweatshirt,Catalog,Multi-Color,2.7
716084,T-Shirt,Frontpage_Header,Yellow,4.1
348638,Polo-Shirt,Category_Highlight,Multi-Color,3.4
942795,Polo-Shirt,Category_Highlight,Yellow,3.8
849776,Polo-Shirt,Catalog,Multi-Color,3.2
125145,Hoodie,Category_Highlight,White,4.5
595518,Sweatshirt,Frontpage_Header,Black,4.6
343053,Tunic,Category_Highlight,Multi-Color,3.9
960942,Sweatshirt,Category_Highlight,Red,1.4
647506,Hoodie,Category_Highlight,Orange,2.7
965920,T-Shirt,Catalog,Black,3.6
877171,Polo-Shirt,Category_Highlight,Blue,3.4
752975,Hoodie,Catalog,Green,2.4
160211,Blouse,Display_Ad_Campaign,Green,4.8
872696,Hoodie,Catalog,Orange,3.3
678715,Hoodie,Category_Highlight,White,4.2
844022,Sweatshirt,Frontpage_Header,Pink,4.0
385692,Tunic,Frontpage_Header,Red,2.8
688653,Hoodie,Catalog,Yellow,3.0
493606,T-Shirt,Category_Highlight,Blue,2.8
478594,Hoodie,Display_Ad_Campaign,Green,4.0
594930,Sweatshirt,Frontpage_Header,Black,4.5
130809,Polo-Shirt,Category_Highlight,Orange,2.7
176310,Blouse,Display_Ad_Campaign,Blue,4.9
477751,Polo-Shirt,Catalog,Blue,1.7
342821,Hoodie,Catalog,Orange,3.0
428569,Polo-Shirt,Catalog,Multi-Color,3.8
665944,Tunic,Frontpage_Header,Red,2.5
367410,Polo-Shirt,Catalog,Yellow,3.3
946820,Tunic,Frontpage_Header,Blue,3.7
803789,Blouse,Category_Highlight,Blue,2.5
684067,Sweatshirt,Frontpage_Header,Black,4.8
343579,Sweatshirt,Display_Ad_Campaign,Orange,4.2
591105,Polo-Shirt,Catalog,Red,2.3
291933,Blouse,Frontpage_Header,Blue,2.3
923241,Polo-Shirt,Category_Highlight,Blue,3.5
509759,Hoodie,Category_Highlight,White,4.7
259920,Polo-Shirt,Category_Highlight,Blue,3.7
707527,Hoodie,Catalog,Yellow,2.6
517672,Sweatshirt,Catalog,Black,4.9
107669,Polo-Shirt,Display_Ad_Campaign,Multi-Color,4.4
413725,Hoodie,Category_Highlight,Pink,2.3
913462,T-Shirt,Category_Highlight,Green,4.0
303792,Blouse,Display_Ad_Campaign,Black,3.1
880358,Tunic,Category_Highlight,Multi-Color,3.2
482766,Polo-Shirt,Category_Highlight,Red,2.2
737003,T-Shirt,Catalog,Multi-Color,1.5
583920,Blouse,Display_Ad_Campaign,Blue,5.2
505043,Blouse,Catalog,Pink,3.3
826886,Hoodie,Catalog,Pink,3.6
223318,Blouse,Frontpage_Header,Multi-Color,4.8
532002,Hoodie,Catalog,Yellow,2.7
879918,Hoodie,Frontpage_Header,White,4.9
672300,Polo-Shirt,Catalog,Brown,2.8
468767,Tunic,Category_Highlight,Blue,5.0
413695,Blouse,Frontpage_Header,Blue,2.6
745851,Tunic,Category_Highlight,Multi-Color,4.0
540996,T-Shirt,Frontpage_Header,Multi-Color,4.9
867271,Sweatshirt,Display_Ad_Campaign,Orange,4.2
501887,Blouse,Frontpage_Header,Blue,4.4
884339,Tunic,Display_Ad_Campaign,Multi-Color,4.0
289649,Sweatshirt,Category_Highlight,Blue,2.8
507327,T-Shirt,Display_Ad_Campaign,Black,2.9
121001,Sweatshirt,Frontpage_Header,Multi-Color,3.0
740442,Sweatshirt,Category_Highlight,Blue,2.6
439473,Sweatshirt,Catalog,Multi-Color,2.1
195518,Tunic,Category_Highlight,Brown,3.8
875530,T-Shirt,Category_Highlight,Yellow,4.4
581858,Tunic,Category_Highlight,Multi-Color,3.9
845065,Tunic,Frontpage_Header,Multi-Color,3.5
553612,Hoodie,Frontpage_Header,Green,2.9
791086,T-Shirt,Category_Highlight,Green,4.5
345109,Hoodie,Catalog,Yellow,2.8
531016,Polo-Shirt,Frontpage_Header,Brown,2.0
779343,Polo-Shirt,Category_Highlight,Green,2.5
193798,Polo-Shirt,Display_Ad_Campaign,Yellow,5.6
481793,Polo-Shirt,Category_Highlight,Multi-Color,2.8
429925,Blouse,Category_Highlight,Blue,3.8
376794,T-Shirt,Category_Highlight,Green,5.0
470289,Tunic,Catalog,Green,2.6
271185,Polo-Shirt,Catalog,Orange,2.7
765041,Blouse,Frontpage_Header,Multi-Color,2.7
985525,T-Shirt,Category_Highlight,Multi-Color,1.5
